,date,calories,steps,dist,floors,sedant,active_light,active_fair,active_very,active_cals,sleep_start_hr,sleep_minutesAsleep,sleep_minutesAwake,sleep_awakeningsCount,sleep_timeInBed,sleep_REM,sleep_light,sleep_deep,sleep_start,sleep_efficiency
0,2018-07-01,2825,12457,9.26,9,552,274,53,30,1540,1.13,493.0,38.0,1.0,531.0,,,,01:08,93.0
1,2018-07-02,2305,5251,3.9,3,930,90,14,30,765,1.78,336.0,40.0,3.0,376.0,,,,01:47,89.0
2,2018-07-03,2658,8430,6.3,18,1225,131,30,54,1200,,,,,,,,,,
3,2018-07-04,2459,6781,5.04,18,845,166,12,22,966,1.2,322.0,73.0,22.0,395.0,58.0,171.0,93.0,01:12,82.0
4,2018-07-05,2725,6643,4.8,13,814,127,42,46,1246,1.1,365.0,46.0,33.0,411.0,81.0,212.0,72.0,01:06,89.0
5,2018-07-06,2639,8272,6.15,9,715,219,21,16,1204,1.4,413.0,56.0,29.0,469.0,65.0,223.0,59.0,01:24,87.0
6,2018-07-07,2545,9471,7.08,29,861,177,7,19,1013,1.57,358.0,17.0,0.0,376.0,,,,01:34,95.0
7,2018-07-08,2363,6485,4.82,1,1146,184,27,1,940,15.9,80.0,2.0,0.0,82.0,,,,15:54,98.0
8,2018-07-09,2727,9230,6.8,13,817,155,32,42,1260,1.1,334.0,60.0,24.0,394.0,68.0,168.0,98.0,01:06,85.0
9,2018-07-10,2958,10568,7.74,20,1166,182,29,63,1528,,,,,,,,,,
10,2018-07-11,2728,9474,7.04,15,765,210,33,22,1295,1.05,358.0,52.0,36.0,410.0,74.0,207.0,77.0,01:03,87.0
11,2018-07-12,2892,11600,8.65,20,1146,214,42,38,1475,,,,,,,,,,
12,2018-07-13,2676,9021,6.75,16,799,251,12,11,1238,1.27,299.0,68.0,15.0,367.0,25.0,202.0,72.0,01:16,81.0
13,2018-07-14,2079,3592,2.67,4,1319,111,5,5,550,,,,,,,,,,
14,2018-07-15,2397,4423,3.29,3,756,204,20,3,898,2.83,392.0,65.0,30.0,457.0,57.0,296.0,39.0,02:50,86.0
15,2018-07-16,2831,9823,7.3,23,780,204,13,41,1382,0.87,346.0,56.0,20.0,402.0,72.0,181.0,93.0,00:52,86.0
16,2018-07-17,2869,8780,6.34,22,791,141,39,67,1406,1.07,360.0,42.0,29.0,402.0,101.0,191.0,68.0,01:04,90.0
17,2018-07-18,2040,2395,1.78,29,1366,37,20,17,471,,,,,,,,,,
18,2018-07-19,1622,0,0.0,19,1440,0,0,0,0,,,,,,,,,,
19,2018-07-20,1622,0,0.0,10,1440,0,0,0,0,,,,,,,,,,
20,2018-07-21,2385,7719,5.74,23,1440,0,0,0,0,,,,,,,,,,
21,2018-07-22,2300,5555,4.13,2,1440,0,0,0,0,,,,,,,,,,
22,2018-07-23,2823,14051,11.99,12,1440,0,0,0,0,,,,,,,,,,
23,2018-07-24,2653,8173,5.99,11,1440,0,0,0,0,,,,,,,,,,
24,2018-07-25,2779,10045,7.5,17,1440,0,0,0,0,,,,,,,,,,
25,2018-07-26,2746,7849,5.75,17,1440,0,0,0,0,,,,,,,,,,
26,2018-07-27,2340,5948,4.42,7,1440,0,0,0,0,,,,,,,,,,
27,2018-07-28,1622,824,0.61,0,1440,0,0,0,0,,,,,,,,,,
28,2018-07-29,1622,0,0.0,0,1440,0,0,0,0,,,,,,,,,,
29,2018-07-30,2212,4052,3.01,4,1440,0,0,0,0,,,,,,,,,,
30,2018-07-31,2241,4221,3.13,1,1440,0,0,0,0,,,,,,,,,,
31,2018-06-01,3103,13202,9.9,32,1440,0,0,0,0,,,,,,,,,,
32,2018-06-02,3489,23763,17.66,39,726,152,63,124,1861,2.15,351.0,21.0,2.0,375.0,,,,02:09,94.0
33,2018-06-03,3022,13254,9.85,21,535,296,41,41,1732,2.18,486.0,30.0,3.0,527.0,,,,02:11,94.0
34,2018-06-04,3014,11219,8.24,15,690,248,45,42,1633,0.58,375.0,40.0,2.0,415.0,,,,00:35,90.0
35,2018-06-05,2820,11818,8.78,19,711,264,19,26,1450,0.77,352.0,65.0,4.0,420.0,,,,00:46,84.0
36,2018-06-06,3052,15232,11.32,22,1033,218,40,75,1688,16.48,74.0,0.0,0.0,74.0,,,,16:29,100.0
37,2018-06-07,3110,15389,11.44,18,638,281,46,48,1782,0.75,757.0,133.0,46.0,890.0,160.0,474.0,123.0,00:45,86.0
38,2018-06-08,2879,12150,9.03,25,651,246,41,27,1508,23.87,568.0,29.0,6.0,597.0,,,,23:52,84.0
39,2018-06-09,2510,7024,5.22,0,525,206,18,18,1027,23.92,81.0,0.0,0.0,81.0,,,,23:55,95.0
40,2018-06-10,2416,5414,4.02,6,1294,92,10,44,933,,,,,,,,,,
41,2018-06-11,2373,6385,4.74,15,652,161,7,19,851,1.07,511.0,90.0,26.0,601.0,136.0,271.0,104.0,01:04,85.0
42,2018-06-12,1697,443,0.33,3,957,26,0,0,82,1.9,387.0,70.0,26.0,457.0,73.0,235.0,79.0,01:54,85.0
43,2018-06-13,1622,0,0.0,23,1440,0,0,0,0,,,,,,,,,,
44,2018-06-14,1622,0,0.0,14,1440,0,0,0,0,,,,,,,,,,
45,2018-06-15,1622,0,0.0,17,1440,0,0,0,0,,,,,,,,,,
46,2018-06-16,1622,0,0.0,8,1440,0,0,0,0,,,,,,,,,,
47,2018-06-17,1622,0,0.0,2,1440,0,0,0,0,,,,,,,,,,
48,2018-06-18,1622,0,0.0,18,1440,0,0,0,0,,,,,,,,,,
49,2018-06-19,1622,0,0.0,29,1440,0,0,0,0,,,,,,,,,,
50,2018-06-20,2853,11027,8.19,17,1440,0,0,0,0,,,,,,,,,,
51,2018-06-21,2840,9812,7.23,13,1440,0,0,0,0,,,,,,,,,,
52,2018-06-22,2022,6357,4.72,12,1440,0,0,0,0,,,,,,,,,,
53,2018-06-23,2832,10082,7.49,40,1440,0,0,0,0,,,,,,,,,,
54,2018-06-24,1914,2512,1.87,0,1440,0,0,0,0,,,,,,,,,,
55,2018-06-25,2807,9758,7.33,20,1440,0,0,0,0,,,,,,,,,,
56,2018-06-26,2496,8727,6.48,27,1440,0,0,0,0,,,,,,,,,,
57,2018-06-27,2966,10563,7.7,18,1440,0,0,0,0,,,,,,,,,,
58,2018-06-28,2811,9434,6.9,17,1440,0,0,0,0,,,,,,,,,,
59,2018-06-29,2368,6903,5.13,13,1440,0,0,0,0,,,,,,,,,,
60,2018-06-30,2574,11013,8.18,12,1222,129,45,44,1110,,,,,,,,,,
61,2018-05-01,2829,9145,6.79,2,568,287,67,10,1540,1.62,449.0,59.0,4.0,508.0,,,,01:37,88.0
62,2018-05-02,2983,11756,8.73,8,545,267,41,48,1707,0.98,477.0,57.0,3.0,539.0,,,,00:59,89.0
63,2018-05-03,2546,7936,5.9,24,815,178,22,34,1115,1.13,336.0,52.0,4.0,391.0,,,,01:08,87.0
64,2018-05-04,3046,13233,9.83,31,1357,54,13,16,439,,,,,,,,,,
65,2018-05-05,3410,17047,12.67,2,1440,0,0,0,0,,,,,,,,,,
66,2018-05-06,2658,7676,5.7,11,1440,0,0,0,0,,,,,,,,,,
67,2018-05-07,2843,10496,7.81,24,1440,0,0,0,0,,,,,,,,,,
68,2018-05-08,2557,8419,6.33,21,1440,0,0,0,0,,,,,,,,,,
69,2018-05-09,3250,13676,10.33,20,1440,0,0,0,0,,,,,,,,,,
70,2018-05-10,2983,12911,9.59,15,1440,0,0,0,0,,,,,,,,,,
71,2018-05-11,3241,14432,10.72,23,1037,194,31,18,1061,5.1,145.0,14.0,1.0,160.0,,,,05:06,91.0
72,2018-05-12,2663,8431,6.26,5,567,339,5,3,1317,0.9,457.0,69.0,2.0,526.0,,,,00:54,87.0
73,2018-05-13,2299,6009,4.46,0,676,205,5,3,842,0.87,469.0,82.0,4.0,551.0,,,,00:52,85.0
74,2018-05-14,3293,13094,9.57,28,715,237,48,71,1962,1.68,344.0,24.0,1.0,369.0,,,,01:41,93.0
75,2018-05-15,2938,12191,9.06,3,571,312,33,35,1651,1.53,430.0,59.0,42.0,489.0,100.0,242.0,88.0,01:32,88.0
76,2018-05-16,2968,11022,8.09,25,732,227,26,54,1586,1.08,349.0,52.0,28.0,401.0,63.0,194.0,92.0,01:05,87.0
77,2018-05-17,2694,9025,6.71,14,864,111,30,33,856,1.03,331.0,71.0,22.0,402.0,61.0,185.0,85.0,01:02,82.0
78,2018-05-18,3597,17811,13.23,28,1440,0,0,0,0,,,,,,,,,,
79,2018-05-19,2235,5405,4.02,0,1440,0,0,0,0,,,,,,,,,,
80,2018-05-20,2527,8867,6.59,7,1440,0,0,0,0,,,,,,,,,,
81,2018-05-21,3071,10771,7.92,18,1440,0,0,0,0,,,,,,,,,,
82,2018-05-22,2828,10569,7.85,24,1440,0,0,0,0,,,,,,,,,,
83,2018-05-23,3014,12060,8.88,24,1440,0,0,0,0,,,,,,,,,,
84,2018-05-24,2509,8090,6.01,19,1440,0,0,0,0,,,,,,,,,,
85,2018-05-25,1654,278,0.21,0,1440,0,0,0,0,,,,,,,,,,
86,2018-05-26,2652,8381,6.26,21,1440,0,0,0,0,,,,,,,,,,
87,2018-05-27,3018,15147,11.25,7,1440,0,0,0,0,,,,,,,,,,
88,2018-05-28,3229,13135,9.73,18,1440,0,0,0,0,,,,,,,,,,
89,2018-05-29,2967,12131,9.01,32,1440,0,0,0,0,,,,,,,,,,
90,2018-05-30,3268,12576,9.15,22,1440,0,0,0,0,,,,,,,,,,
91,2018-05-31,2519,8700,6.46,23,1440,0,0,0,0,,,,,,,,,,
92,2018-04-01,1622,1425,1.06,2,1440,0,0,0,0,,,,,,,,,,
93,2018-04-02,3266,12952,9.56,23,1440,0,0,0,0,,,,,,,,,,
94,2018-04-03,2664,8733,6.49,24,1440,0,0,0,0,,,,,,,,,,
95,2018-04-04,3228,10830,7.92,27,1440,0,0,0,0,,,,,,,,,,
96,2018-04-05,3040,12920,9.64,23,762,165,41,63,1471,1.02,387.0,22.0,2.0,409.0,,,,01:01,95.0
97,2018-04-06,2894,12949,9.67,29,647,310,24,36,1615,0.58,378.0,42.0,3.0,423.0,,,,00:35,90.0
98,2018-04-07,3018,14225,10.57,14,770,224,102,25,1737,0.83,300.0,19.0,2.0,319.0,,,,00:50,92.0
99,2018-04-08,2888,12806,9.51,6,1077,299,53,11,1607,,,,,,,,,,
100,2018-04-09,3125,12105,9.09,32,745,248,37,67,1786,1.62,304.0,39.0,25.0,343.0,56.0,195.0,53.0,01:37,89.0
101,2018-04-10,2761,8255,6.13,25,800,212,28,57,1377,2.13,299.0,44.0,22.0,343.0,51.0,189.0,59.0,02:08,87.0
102,2018-04-11,3233,13757,10.57,25,703,196,42,90,1878,0.93,360.0,49.0,25.0,409.0,67.0,222.0,71.0,00:56,88.0
103,2018-04-12,2724,10501,7.8,31,760,182,28,40,1313,0.67,375.0,55.0,36.0,430.0,56.0,227.0,92.0,00:40,87.0
104,2018-04-13,2802,10666,7.99,13,948,57,3,5,253,0.9,393.0,34.0,3.0,427.0,,,,00:54,92.0
105,2018-04-14,3740,20996,15.05,11,1440,0,0,0,0,,,,,,,,,,
106,2018-04-15,2849,10351,7.69,0,1383,57,0,0,212,,,,,,,,,,
107,2018-04-16,3036,11390,8.31,25,731,210,29,73,1678,1.07,355.0,39.0,4.0,397.0,,,,01:04,90.0
108,2018-04-17,2609,9000,6.69,20,777,223,18,23,1194,1.08,343.0,51.0,2.0,399.0,,,,01:05,87.0
109,2018-04-18,3188,11696,8.62,21,677,197,42,98,1868,0.6,370.0,53.0,4.0,426.0,,,,00:36,87.0
110,2018-04-19,3204,17268,13.26,43,661,214,43,94,1888,0.72,375.0,51.0,2.0,428.0,,,,00:43,88.0
111,2018-04-20,3128,15964,11.84,32,633,266,48,56,1856,0.37,364.0,73.0,28.0,437.0,21.0,244.0,99.0,00:22,83.0
112,2018-04-21,2990,14386,10.91,4,558,182,19,61,1304,0.42,527.0,93.0,40.0,620.0,60.0,307.0,97.0,00:25,85.0
113,2018-04-22,2740,11906,8.85,14,1440,0,0,0,0,,,,,,,,,,
114,2018-04-23,2919,10395,7.72,18,1440,0,0,0,0,,,,,,,,,,
115,2018-04-24,2427,7607,5.65,18,1440,0,0,0,0,,,,,,,,,,
116,2018-04-25,2934,11101,8.14,27,1440,0,0,0,0,,,,,,,,,,
117,2018-04-26,2553,10414,7.74,22,1440,0,0,0,0,,,,,,,,,,
118,2018-04-27,3254,16332,12.13,23,1439,0,0,0,0,,470.0,0.0,0.0,470.0,,,,,
119,2018-04-28,2836,8496,6.31,3,718,197,28,29,1125,23.97,,,,,,,,23:58,100.0
120,2018-04-29,3319,15481,11.5,76,998,157,89,114,2050,16.35,79.0,3.0,0.0,82.0,,,,16:21,96.0
121,2018-04-30,2961,15016,11.16,75,620,256,40,44,1657,1.78,434.0,46.0,2.0,480.0,,,,01:47,90.0
122,2018-03-01,2909,12708,9.44,40,1440,0,0,0,0,,,,,,,,,,
123,2018-03-02,3233,14626,10.91,36,1440,0,0,0,0,,,,,,,,,,
124,2018-03-03,3230,15529,11.54,21,1440,0,0,0,0,,,,,,,,,,
125,2018-03-04,2663,6520,4.84,0,1361,60,14,5,358,,,,,,,,,,
126,2018-03-05,3450,12019,8.77,26,666,170,69,122,2101,0.57,377.0,33.0,2.0,413.0,,,,00:34,92.0
127,2018-03-06,2496,7319,5.48,15,816,162,30,28,1060,1.02,375.0,24.0,1.0,404.0,,,,01:01,94.0
128,2018-03-07,3770,17343,13.19,38,566,227,70,136,2539,0.37,405.0,35.0,2.0,441.0,,,,00:22,92.0
129,2018-03-08,2796,8374,6.26,19,714,227,28,44,1440,0.58,373.0,54.0,2.0,427.0,,,,00:35,87.0
130,2018-03-09,3224,14180,10.45,28,656,263,68,69,1965,1.4,326.0,58.0,27.0,384.0,46.0,198.0,82.0,01:24,85.0
131,2018-03-10,3150,13093,9.72,1,525,371,36,42,1944,1.18,387.0,79.0,35.0,466.0,59.0,219.0,109.0,01:11,83.0
132,2018-03-11,2476,6719,4.99,4,621,284,10,0,1126,2.2,462.0,63.0,39.0,525.0,74.0,235.0,87.0,02:12,87.0
133,2018-03-12,3432,13037,9.52,26,724,180,60,128,2128,1.97,291.0,57.0,19.0,348.0,48.0,180.0,63.0,01:58,84.0
134,2018-03-13,2741,8715,6.48,20,711,192,27,48,1334,0.03,422.0,37.0,1.0,462.0,,,,00:02,92.0
135,2018-03-14,3110,11713,8.56,21,668,209,45,81,1762,0.45,392.0,38.0,3.0,437.0,,,,00:27,91.0
136,2018-03-15,2744,10752,8.06,23,732,262,17,28,1377,0.73,362.0,39.0,3.0,401.0,,,,00:44,90.0
137,2018-03-16,2116,3156,2.34,0,618,161,0,0,596,0.62,592.0,69.0,4.0,661.0,,,,00:37,87.0
138,2018-03-17,2169,3986,2.96,1,572,199,0,0,697,0.58,600.0,69.0,3.0,669.0,,,,00:35,89.0
139,2018-03-18,2870,11283,8.38,8,509,339,40,11,1603,0.83,430.0,111.0,33.0,541.0,46.0,321.0,63.0,00:50,79.0
140,2018-03-19,2462,7206,5.35,18,773,201,8,12,1008,0.38,386.0,60.0,27.0,446.0,61.0,251.0,74.0,00:23,87.0
141,2018-03-20,2772,9596,7.17,26,739,205,39,45,1377,1.0,363.0,49.0,25.0,412.0,101.0,189.0,73.0,01:00,88.0
142,2018-03-21,3132,11954,8.82,31,912,91,3,16,548,0.68,367.0,51.0,22.0,418.0,87.0,193.0,87.0,00:41,88.0
143,2018-03-22,3115,10502,7.85,20,1440,0,0,0,0,,,,,,,,,,
144,2018-03-23,2728,8221,6.11,16,1440,0,0,0,0,,,,,,,,,,
145,2018-03-24,2696,8980,6.81,24,1390,0,50,0,310,,,,,,,,,,
146,2018-03-25,1622,0,0.0,4,1440,0,0,0,0,,,,,,,,,,
147,2018-03-26,5994,21481,15.87,17,1440,0,0,0,0,,,,,,,,,,
148,2018-03-27,3182,11508,8.36,19,1440,0,0,0,0,,,,,,,,,,
149,2018-03-28,2741,9517,7.07,3,1440,0,0,0,0,,,,,,,,,,
150,2018-03-29,3187,14047,10.44,8,1440,0,0,0,0,,,,,,,,,,
151,2018-03-30,2807,8880,6.6,5,1440,0,0,0,0,,,,,,,,,,
152,2018-03-31,1622,0,0.0,0,1440,0,0,0,0,,,,,,,,,,
153,2018-02-01,2956,9845,7.31,22,699,168,66,72,1588,0.5,394.0,40.0,3.0,435.0,,,,00:30,91.0
154,2018-02-02,3460,13835,10.44,35,681,139,126,68,1867,0.75,384.0,41.0,2.0,426.0,,,,00:45,90.0
155,2018-02-03,3482,18032,13.4,24,531,158,66,150,2183,0.82,494.0,41.0,1.0,535.0,,,,00:49,92.0
156,2018-02-04,2468,5824,4.33,3,730,257,0,0,1013,3.42,411.0,41.0,3.0,453.0,,,,03:25,91.0
157,2018-02-05,3099,11271,8.37,23,781,131,88,25,1194,0.7,383.0,27.0,1.0,415.0,,,,00:42,93.0
158,2018-02-06,2879,9658,7.21,28,1345,50,25,20,523,,,,,,,,,,
159,2018-02-07,2832,11192,8.32,25,749,188,25,65,1466,0.82,785.0,85.0,4.0,873.0,,,,00:49,91.0
160,2018-02-08,2758,8359,6.21,21,691,232,31,26,1360,23.98,,,,,,,,23:59,89.0
161,2018-02-09,2939,12056,9.0,21,709,270,28,43,1643,1.12,859.0,59.0,2.0,919.0,,,,01:07,95.0
162,2018-02-10,3573,18180,13.51,13,460,278,74,100,2348,23.18,,,,,,,,23:11,93.0
163,2018-02-11,2418,6740,5.01,5,624,235,8,5,1000,0.4,513.0,55.0,3.0,568.0,,,,00:24,90.0
164,2018-02-12,2664,10959,8.23,26,747,232,28,31,1319,0.93,371.0,31.0,1.0,402.0,,,,00:56,92.0
165,2018-02-13,2964,12745,9.47,28,1440,0,0,0,0,,,,,,,,,,
166,2018-02-14,3087,11265,8.41,22,1440,0,0,0,0,,,,,,,,,,
167,2018-02-15,2680,8644,6.56,15,1276,128,12,24,769,,,,,,,,,,
168,2018-02-16,2915,10364,7.7,15,647,214,95,21,1578,0.08,416.0,45.0,2.0,463.0,,,,00:05,90.0
169,2018-02-17,2810,12611,9.65,2,702,131,41,86,1434,1.05,456.0,24.0,2.0,480.0,,,,01:03,95.0
170,2018-02-18,2740,10016,7.44,6,544,365,6,2,1464,0.93,479.0,44.0,3.0,523.0,,,,00:56,92.0
171,2018-02-19,3263,13014,9.57,29,658,219,46,86,1917,0.15,364.0,67.0,25.0,431.0,79.0,177.0,108.0,00:09,84.0
172,2018-02-20,2803,11373,8.66,38,706,264,14,34,1453,0.42,361.0,61.0,34.0,422.0,82.0,227.0,52.0,00:25,86.0
173,2018-02-21,3278,12196,9.26,26,694,167,69,109,1960,0.75,345.0,56.0,29.0,401.0,72.0,187.0,86.0,00:45,86.0
174,2018-02-22,2761,9782,7.27,18,726,217,31,44,1382,0.67,370.0,47.0,6.0,422.0,,,,00:40,89.0
175,2018-02-23,2858,11739,8.72,32,964,212,26,52,1474,0.32,174.0,12.0,1.0,186.0,,,,00:19,94.0
176,2018-02-24,3739,18742,13.97,15,437,305,31,116,2519,0.02,476.0,75.0,3.0,551.0,,,,00:01,86.0
177,2018-02-25,2665,8072,6.0,5,625,352,0,0,1360,2.82,381.0,82.0,42.0,463.0,44.0,251.0,86.0,02:49,82.0
178,2018-02-26,2518,7458,5.54,24,756,150,63,24,1119,0.33,390.0,57.0,27.0,447.0,87.0,224.0,79.0,00:20,87.0
179,2018-02-27,2620,8015,5.96,20,876,110,10,15,638,0.57,369.0,60.0,37.0,429.0,59.0,221.0,89.0,00:34,86.0
180,2018-02-28,3456,11501,8.33,32,1440,0,0,0,0,,,,,,,,,,
181,2018-01-01,2537,6755,5.02,0,672,267,23,9,1176,4.15,388.0,81.0,43.0,469.0,63.0,252.0,73.0,04:09,83.0
182,2018-01-02,2490,6174,4.59,0,591,269,15,2,1100,2.23,486.0,77.0,29.0,563.0,63.0,285.0,79.0,02:14,85.0
183,2018-01-03,3150,12051,9.24,16,755,189,23,81,1759,1.95,336.0,56.0,26.0,392.0,57.0,233.0,46.0,01:57,86.0
184,2018-01-04,3189,11118,8.26,7,454,322,73,39,1958,1.0,466.0,86.0,38.0,552.0,105.0,258.0,103.0,01:00,84.0
185,2018-01-05,2886,9983,7.42,29,723,238,29,46,1515,1.42,341.0,63.0,28.0,404.0,51.0,209.0,81.0,01:25,84.0
186,2018-01-06,2435,4979,3.7,0,649,269,6,5,999,1.63,462.0,48.0,3.0,511.0,,,,01:38,91.0
187,2018-01-07,2519,7652,5.69,0,661,257,16,6,1149,1.88,447.0,53.0,2.0,500.0,,,,01:53,89.0
188,2018-01-08,3257,12480,9.15,23,654,224,52,75,1926,0.58,384.0,50.0,3.0,435.0,,,,00:35,88.0
189,2018-01-09,2748,9117,6.77,18,748,174,48,57,1355,0.87,343.0,70.0,23.0,413.0,62.0,167.0,114.0,00:52,83.0
190,2018-01-10,2764,10041,7.49,24,727,240,19,23,1371,0.65,376.0,55.0,28.0,431.0,58.0,243.0,75.0,00:39,87.0
191,2018-01-11,3220,11359,8.45,14,710,162,36,118,1845,1.15,364.0,50.0,29.0,414.0,64.0,212.0,88.0,01:09,88.0
192,2018-01-12,3151,12323,9.2,17,671,230,39,75,1839,0.67,358.0,67.0,28.0,425.0,66.0,243.0,49.0,00:40,84.0
193,2018-01-13,3314,14556,10.89,7,596,216,38,120,1999,2.17,407.0,63.0,31.0,470.0,76.0,264.0,67.0,02:10,87.0
194,2018-01-14,2490,7080,5.26,6,777,100,20,13,577,0.85,473.0,57.0,42.0,530.0,91.0,289.0,93.0,00:51,89.0
195,2018-01-15,3156,10991,8.28,27,1440,0,0,0,0,,,,,,,,,,
196,2018-01-16,2550,8951,6.65,15,940,145,16,29,878,2.18,301.0,9.0,1.0,310.0,,,,02:11,97.0
197,2018-01-17,3122,11637,8.67,28,718,156,54,86,1761,0.72,373.0,44.0,2.0,426.0,,,,00:43,89.0
198,2018-01-18,2782,11247,8.39,44,776,211,15,43,1364,1.02,370.0,21.0,1.0,395.0,,,,01:01,95.0
199,2018-01-19,3250,14677,11.08,30,560,343,46,38,2017,0.2,392.0,57.0,2.0,453.0,,,,00:12,87.0
200,2018-01-20,3284,15445,11.21,16,519,292,36,81,2035,2.38,478.0,34.0,1.0,512.0,,,,02:23,93.0
201,2018-01-21,3101,10814,8.03,3,462,266,96,35,1846,0.45,505.0,76.0,5.0,581.0,,,,00:27,87.0
202,2018-01-22,3120,9543,7.06,20,846,95,18,48,889,0.47,368.0,55.0,5.0,433.0,,,,00:28,87.0
203,2018-01-23,2577,8033,6.0,21,1192,219,11,18,1126,,,,,,,,,,
204,2018-01-24,3255,12140,9.21,22,799,198,66,87,1910,3.02,267.0,21.0,3.0,290.0,,,,03:01,93.0
205,2018-01-25,2780,7967,5.92,21,753,208,37,38,1361,0.82,374.0,29.0,2.0,404.0,,,,00:49,93.0
206,2018-01-26,2737,9783,7.27,12,746,216,38,24,1334,0.33,891.0,111.0,58.0,1005.0,121.0,288.0,100.0,00:20,92.0
207,2018-01-27,3351,15841,11.77,8,358,307,51,68,2110,23.45,64.0,3.0,0.0,67.0,,,,23:27,86.0
208,2018-01-28,2434,6511,4.83,2,1166,266,3,5,1045,,,,,,,,,,
209,2018-01-29,2770,11674,8.67,20,718,239,28,42,1406,0.77,362.0,51.0,28.0,413.0,76.0,181.0,105.0,00:46,88.0
210,2018-01-30,3002,12223,9.11,27,726,186,59,66,1627,0.57,349.0,54.0,28.0,403.0,75.0,190.0,84.0,00:34,87.0
211,2018-01-31,3043,11454,8.55,25,667,174,115,54,1706,0.6,395.0,32.0,4.0,430.0,,,,00:36,93.0
212,2017-12-01,2832,10082,7.54,18,678,292,17,34,1512,0.93,906.0,87.0,8.0,1001.0,,,,00:56,96.0
213,2017-12-02,3114,13749,10.22,3,397,290,30,80,1865,23.03,58.0,2.0,0.0,61.0,,,,23:02,89.0
214,2017-12-03,2437,6507,4.83,6,604,292,8,0,1080,0.7,471.0,65.0,5.0,536.0,,,,00:42,88.0
215,2017-12-04,2964,12631,9.45,24,694,252,68,32,1656,1.17,343.0,51.0,18.0,394.0,75.0,169.0,99.0,01:10,87.0
216,2017-12-05,2648,8528,6.34,24,1182,204,32,22,1233,,,,,,,,,,
217,2017-12-06,3054,9593,7.13,2,573,334,79,13,1837,1.65,374.0,67.0,24.0,441.0,69.0,223.0,82.0,01:39,85.0
218,2017-12-07,3228,12885,9.73,29,659,244,48,75,1930,0.92,355.0,59.0,25.0,414.0,61.0,210.0,84.0,00:55,86.0
219,2017-12-08,2979,9997,7.43,2,495,336,47,12,1736,0.87,472.0,78.0,34.0,550.0,91.0,219.0,105.0,00:52,85.0
220,2017-12-09,2831,11766,8.74,15,559,150,66,64,1442,0.33,502.0,99.0,43.0,601.0,123.0,265.0,114.0,00:20,84.0
221,2017-12-10,2677,5901,4.38,0,641,220,60,18,1315,1.47,429.0,72.0,36.0,501.0,70.0,270.0,89.0,01:28,86.0
222,2017-12-11,3033,11641,8.65,21,736,201,55,68,1672,1.38,331.0,49.0,22.0,380.0,61.0,190.0,80.0,01:23,87.0
223,2017-12-12,2877,10592,7.87,22,723,259,23,42,1525,1.12,347.0,46.0,3.0,393.0,,,,01:07,88.0
224,2017-12-13,3576,14801,11.12,15,626,248,62,117,2308,1.18,351.0,33.0,2.0,387.0,,,,01:11,91.0
225,2017-12-14,2703,9188,6.91,16,769,212,23,28,1273,0.93,338.0,70.0,33.0,408.0,48.0,203.0,87.0,00:56,83.0
226,2017-12-15,3130,11989,8.97,25,677,232,71,54,1802,1.02,819.0,97.0,36.0,916.0,53.0,202.0,85.0,01:01,86.0
227,2017-12-16,3025,11902,8.87,4,596,204,53,77,1688,23.85,,,,,,,,23:51,92.0
228,2017-12-17,2502,5969,4.43,0,632,306,0,0,1124,1.22,427.0,75.0,33.0,502.0,86.0,222.0,119.0,01:13,85.0
229,2017-12-18,2992,11240,8.35,21,818,118,39,39,1014,0.4,361.0,65.0,19.0,426.0,62.0,214.0,85.0,00:24,85.0
230,2017-12-19,2755,9318,6.92,24,1440,0,0,0,0,,,,,,,,,,
231,2017-12-20,3205,9672,7.19,21,885,197,68,83,1845,4.17,554.0,59.0,3.0,614.0,,,,04:10,93.0
232,2017-12-21,2872,10114,7.64,27,743,225,19,46,1467,23.98,,,,,,,,23:59,89.0
233,2017-12-22,1683,422,0.31,0,960,22,0,0,72,0.45,394.0,61.0,4.0,458.0,,,,00:27,87.0
234,2017-12-23,3295,14791,10.99,7,985,244,36,93,1967,16.2,77.0,5.0,0.0,82.0,,,,16:12,94.0
235,2017-12-24,3029,11838,8.87,6,556,254,64,53,1706,2.58,464.0,48.0,3.0,513.0,,,,02:35,91.0
236,2017-12-25,2654,6933,5.15,4,666,293,22,6,1290,1.95,383.0,70.0,34.0,453.0,65.0,231.0,87.0,01:57,85.0
237,2017-12-26,3489,17216,12.84,20,533,319,84,69,2326,1.85,360.0,75.0,28.0,435.0,58.0,252.0,50.0,01:51,83.0
238,2017-12-27,2726,7317,5.44,4,612,255,29,29,1371,1.25,439.0,76.0,21.0,515.0,82.0,271.0,86.0,01:15,85.0
239,2017-12-28,3355,11477,8.53,7,487,330,63,53,2138,1.93,443.0,63.0,4.0,507.0,,,,01:56,88.0
240,2017-12-29,3274,10615,7.89,3,575,186,54,110,1892,0.97,465.0,50.0,3.0,515.0,,,,00:58,90.0
241,2017-12-30,3688,17717,13.16,3,450,358,53,94,2523,2.82,448.0,37.0,2.0,485.0,,,,02:49,92.0
242,2017-12-31,2631,8127,6.04,5,531,240,40,21,1264,1.73,534.0,70.0,31.0,608.0,59.0,318.0,69.0,01:44,87.0
243,2017-11-01,2846,9402,6.98,3,609,318,38,10,1545,0.25,410.0,55.0,3.0,465.0,,,,00:15,88.0
244,2017-11-02,2807,10957,8.14,31,773,245,19,37,1411,1.55,319.0,47.0,20.0,366.0,38.0,203.0,78.0,01:33,87.0
245,2017-11-03,3080,14218,10.61,26,640,240,93,32,1780,0.43,846.0,157.0,81.0,1003.0,143.0,511.0,192.0,00:26,87.0
246,2017-11-04,2780,12829,9.53,2,511,146,38,85,1422,23.62,84.0,8.0,0.0,92.0,,,,23:37,82.0
247,2017-11-05,2600,9442,7.02,2,1165,216,21,38,1207,,,,,,,,,,
248,2017-11-06,2839,11434,8.5,23,726,191,41,52,1446,0.63,344.0,86.0,24.0,430.0,51.0,201.0,92.0,00:38,80.0
249,2017-11-07,2686,8448,6.28,19,722,265,10,13,1279,0.58,385.0,43.0,2.0,430.0,,,,00:35,90.0
250,2017-11-08,3327,14684,11.16,29,640,259,49,75,2025,0.87,379.0,34.0,2.0,417.0,,,,00:52,92.0
251,2017-11-09,2591,7871,5.85,0,594,225,27,23,1189,0.63,487.0,84.0,31.0,571.0,79.0,235.0,113.0,00:38,85.0
252,2017-11-10,3013,14000,10.4,27,687,303,33,32,1705,1.32,316.0,69.0,19.0,385.0,42.0,188.0,86.0,01:19,82.0
253,2017-11-11,3230,14850,11.03,3,1062,235,60,83,1942,,,,,,,,,,
254,2017-11-12,2691,7842,5.83,1,636,299,19,0,1340,1.6,419.0,67.0,43.0,486.0,64.0,269.0,86.0,01:36,86.0
255,2017-11-13,2607,9608,7.14,31,756,215,10,21,1162,0.4,396.0,42.0,28.0,438.0,74.0,261.0,61.0,00:24,90.0
256,2017-11-14,2859,11670,8.72,37,721,212,19,51,1475,0.82,375.0,62.0,27.0,437.0,55.0,252.0,68.0,00:49,86.0
257,2017-11-15,2989,11162,8.2,23,738,168,43,73,1605,0.87,378.0,40.0,31.0,418.0,99.0,211.0,68.0,00:52,90.0
258,2017-11-16,3164,13635,10.06,37,676,218,53,64,1827,0.38,374.0,55.0,21.0,429.0,100.0,187.0,87.0,00:23,87.0
259,2017-11-17,3250,15399,11.63,22,664,207,69,94,1972,0.75,346.0,60.0,30.0,406.0,52.0,237.0,57.0,00:45,85.0
260,2017-11-18,2953,12863,9.57,1,562,158,43,92,1579,0.33,508.0,77.0,45.0,585.0,77.0,316.0,115.0,00:20,87.0
261,2017-11-19,2668,8283,6.15,2,1140,243,43,14,1311,,,,,,,,,,
262,2017-11-20,3190,12128,9.01,24,706,208,34,85,1857,0.98,357.0,50.0,25.0,407.0,45.0,249.0,63.0,00:59,88.0
263,2017-11-21,2805,9748,7.24,22,762,232,22,31,1412,1.18,329.0,64.0,27.0,393.0,64.0,174.0,91.0,01:11,84.0
264,2017-11-22,3336,13608,10.86,30,692,182,72,88,2013,0.68,348.0,58.0,22.0,406.0,66.0,232.0,50.0,00:41,86.0
265,2017-11-23,2576,9549,7.14,22,872,156,18,41,1107,1.15,334.0,19.0,1.0,353.0,,,,01:09,95.0
266,2017-11-24,3351,13921,10.34,25,1054,262,50,74,2052,,,,,,,,,,
267,2017-11-25,3507,18094,13.49,9,421,182,78,133,2234,0.62,569.0,52.0,2.0,626.0,,,,00:37,92.0
268,2017-11-26,2753,9430,7.0,4,726,311,17,2,1370,5.83,338.0,46.0,30.0,384.0,57.0,193.0,88.0,05:50,88.0
269,2017-11-27,3086,10663,7.8,21,852,60,40,84,1174,1.07,364.0,40.0,30.0,404.0,82.0,199.0,83.0,01:04,90.0
270,2017-11-28,2786,10706,7.95,21,1440,0,0,0,0,,,,,,,,,,
271,2017-11-29,3145,12753,9.5,24,1440,0,0,0,0,,,,,,,,,,
272,2017-11-30,2642,9219,6.85,20,1285,132,13,10,676,,,,,,,,,,
273,2017-10-01,2804,10585,7.86,5,553,281,39,23,1502,2.0,492.0,52.0,5.0,544.0,,,,02:00,90.0
274,2017-10-02,3202,11978,8.9,20,702,242,31,76,1857,1.23,348.0,38.0,2.0,389.0,,,,01:14,90.0
275,2017-10-03,2597,8657,6.43,19,754,213,26,21,1176,0.63,365.0,61.0,28.0,426.0,64.0,223.0,78.0,00:38,86.0
276,2017-10-04,2983,9974,7.33,20,711,167,59,70,1577,0.4,368.0,65.0,28.0,433.0,56.0,244.0,68.0,00:24,85.0
277,2017-10-05,2607,9691,7.2,22,750,220,11,22,1174,0.37,382.0,55.0,33.0,437.0,65.0,251.0,66.0,00:22,87.0
278,2017-10-06,2827,12249,9.1,19,674,286,22,22,1470,0.43,398.0,34.0,2.0,436.0,,,,00:26,92.0
279,2017-10-07,2815,12762,9.71,3,556,201,15,74,1445,0.05,514.0,80.0,8.0,594.0,,,,00:03,86.0
280,2017-10-08,2809,12984,9.65,4,553,275,45,31,1514,0.78,460.0,76.0,41.0,536.0,121.0,242.0,97.0,00:47,86.0
281,2017-10-09,2866,10970,8.14,22,705,243,44,29,1519,0.77,354.0,65.0,25.0,419.0,62.0,236.0,56.0,00:46,84.0
282,2017-10-10,2552,8691,6.46,20,744,191,18,32,1125,0.28,409.0,45.0,4.0,455.0,,,,00:17,90.0
283,2017-10-11,3040,13115,9.68,22,707,236,24,61,1683,0.82,368.0,41.0,3.0,412.0,,,,00:49,90.0
284,2017-10-12,3083,17455,12.97,13,540,338,35,33,1848,1.3,455.0,37.0,2.0,494.0,,,,01:18,92.0
285,2017-10-13,2831,10663,7.87,24,687,213,43,47,1467,0.53,398.0,52.0,38.0,450.0,43.0,263.0,92.0,00:32,88.0
286,2017-10-14,3383,16512,12.27,1,475,295,52,79,2159,1.57,458.0,81.0,32.0,539.0,68.0,223.0,106.0,01:34,84.0
287,2017-10-15,2890,11905,8.85,6,543,246,39,57,1597,0.48,504.0,51.0,3.0,555.0,,,,00:29,91.0
288,2017-10-16,2985,11584,8.42,19,732,232,51,45,1644,1.32,312.0,68.0,25.0,380.0,40.0,213.0,59.0,01:19,82.0
289,2017-10-17,2509,7965,5.92,18,775,233,7,13,1076,0.87,359.0,53.0,27.0,412.0,56.0,236.0,67.0,00:52,87.0
290,2017-10-18,3285,13959,10.32,34,741,261,32,70,1968,1.25,285.0,51.0,19.0,336.0,35.0,177.0,73.0,01:15,85.0
291,2017-10-19,2760,10961,8.14,24,701,210,25,43,1361,0.12,382.0,79.0,19.0,461.0,59.0,257.0,66.0,00:07,83.0
292,2017-10-20,2787,10646,7.91,13,691,296,28,15,1487,0.95,366.0,44.0,31.0,410.0,99.0,184.0,83.0,00:57,89.0
293,2017-10-21,3178,14634,10.87,4,493,235,32,94,1872,1.15,533.0,53.0,2.0,586.0,,,,01:09,91.0
294,2017-10-22,2706,7452,5.54,2,600,291,35,13,1384,1.87,431.0,70.0,46.0,501.0,73.0,294.0,64.0,01:52,86.0
295,2017-10-23,2954,12669,9.41,29,828,144,39,25,1027,0.9,351.0,53.0,32.0,404.0,77.0,194.0,80.0,00:54,87.0
296,2017-10-24,2865,10822,8.06,17,1440,0,0,0,0,,,,,,,,,,
297,2017-10-25,2687,15355,11.5,36,1440,0,0,0,0,,,,,,,,,,
298,2017-10-26,2696,9954,7.4,22,1440,0,0,0,0,,,,,,,,,,
299,2017-10-27,2786,10179,7.56,21,1440,0,0,0,0,,,,,,,,,,
300,2017-10-28,3327,16018,11.9,5,1440,0,0,0,0,,,,,,,,,,
301,2017-10-29,2430,5650,4.2,2,1248,170,15,7,759,,,,,,,,,,
302,2017-10-30,2979,11959,8.81,24,701,245,34,55,1652,0.82,363.0,27.0,3.0,405.0,,,,00:49,93.0
303,2017-10-31,2619,9194,6.83,11,767,232,17,18,1220,0.82,369.0,37.0,3.0,406.0,,,,00:49,91.0
304,2017-09-01,2417,6795,5.08,1,773,172,6,30,974,2.42,409.0,50.0,34.0,459.0,80.0,242.0,87.0,02:25,89.0
305,2017-09-02,2815,13859,10.37,17,1103,280,47,10,1519,,,,,,,,,,
306,2017-09-03,2500,10578,7.86,1,735,143,41,41,1085,1.85,394.0,86.0,24.0,480.0,99.0,239.0,56.0,01:51,82.0
307,2017-09-04,2750,9894,7.35,4,669,303,19,9,1390,0.97,377.0,63.0,28.0,440.0,66.0,226.0,85.0,00:58,86.0
308,2017-09-05,2586,9605,7.14,15,764,229,6,12,1094,0.87,375.0,54.0,31.0,429.0,75.0,213.0,87.0,00:52,87.0
309,2017-09-06,2941,10731,7.84,19,729,172,43,58,1497,0.63,380.0,58.0,30.0,438.0,73.0,213.0,94.0,00:38,87.0
310,2017-09-07,3172,15777,13.14,20,728,217,29,76,1758,0.72,320.0,69.0,4.0,390.0,,,,00:43,82.0
311,2017-09-08,2796,11277,8.42,19,690,262,19,26,1428,0.73,396.0,47.0,4.0,443.0,,,,00:44,89.0
312,2017-09-09,2908,8215,5.92,5,586,241,36,39,1529,0.92,486.0,52.0,2.0,538.0,,,,00:55,90.0
313,2017-09-10,2915,12996,9.66,5,600,259,43,39,1576,1.28,437.0,62.0,41.0,499.0,103.0,232.0,102.0,01:17,88.0
314,2017-09-11,2998,10743,7.86,15,706,209,38,60,1594,0.62,358.0,69.0,25.0,427.0,81.0,205.0,72.0,00:37,84.0
315,2017-09-12,3182,15193,9.01,17,687,231,42,78,1817,0.98,342.0,60.0,24.0,402.0,70.0,192.0,80.0,00:59,85.0
316,2017-09-13,3035,13800,10.07,22,1160,151,42,87,1629,,,,,,,,,,
317,2017-09-14,3267,16767,13.31,27,1112,243,18,67,1876,,,,,,,,,,
318,2017-09-15,2956,13349,9.92,20,631,257,49,38,1639,0.88,404.0,60.0,30.0,465.0,81.0,222.0,48.0,00:53,87.0
319,2017-09-16,3431,19879,14.96,18,497,302,29,97,2184,0.65,454.0,61.0,3.0,515.0,,,,00:39,88.0
320,2017-09-17,3298,13674,10.16,8,422,451,41,9,2171,1.0,474.0,38.0,3.0,517.0,,,,01:00,93.0
321,2017-09-18,3047,13705,10.18,26,678,256,57,44,1729,0.98,343.0,62.0,31.0,405.0,60.0,208.0,75.0,00:59,85.0
322,2017-09-19,2841,10170,7.41,24,724,161,45,58,1413,0.13,420.0,32.0,2.0,452.0,,,,00:08,93.0
323,2017-09-20,2572,9693,7.2,19,785,194,25,25,1141,0.85,343.0,68.0,25.0,411.0,35.0,241.0,67.0,00:51,83.0
324,2017-09-21,3178,14306,10.57,20,695,216,44,73,1796,0.63,385.0,26.0,2.0,412.0,,,,00:38,94.0
325,2017-09-22,2410,7704,5.72,21,730,183,6,20,931,0.43,448.0,51.0,3.0,501.0,,,,00:26,89.0
326,2017-09-23,3265,16995,12.81,10,991,226,42,94,1922,16.18,83.0,4.0,0.0,87.0,,,,16:11,95.0
327,2017-09-24,2845,10305,7.66,2,656,317,29,15,1510,6.0,343.0,80.0,13.0,423.0,18.0,178.0,67.0,06:00,78.0
328,2017-09-25,2476,7412,5.42,19,811,128,34,39,1041,0.7,366.0,62.0,26.0,428.0,66.0,210.0,90.0,00:42,86.0
329,2017-09-26,1631,0,0.0,15,1440,0,0,0,0,,,,,,,,,,
330,2017-09-27,3227,12017,8.74,23,1440,0,0,0,0,,,,,,,,,,
331,2017-09-28,2329,7170,5.33,19,1440,0,0,0,0,,,,,,,,,,
332,2017-09-29,3194,15527,11.54,19,1112,242,45,30,1492,,518.0,68.0,5.0,586.0,,,,,
333,2017-09-30,2977,13062,9.82,2,431,266,20,65,1653,23.82,81.0,2.0,0.0,83.0,,,,23:49,88.0
334,2017-08-01,3069,14090,10.35,10,680,190,68,70,1697,0.73,396.0,36.0,2.0,432.0,,,,00:44,92.0
335,2017-08-02,2810,12301,7.8,11,701,223,37,27,1383,0.37,376.0,72.0,2.0,452.0,,,,00:22,84.0
336,2017-08-03,2888,12570,9.28,14,756,272,48,11,1551,2.0,789.0,91.0,6.0,881.0,,,,02:00,91.0
337,2017-08-04,2742,10456,7.82,14,602,244,42,24,1382,23.95,,,,,,,,23:57,89.0
338,2017-08-05,2472,8594,6.41,2,507,219,20,25,1089,1.17,615.0,54.0,6.0,669.0,,,,01:10,90.0
339,2017-08-06,1963,2862,2.13,0,883,122,0,0,436,2.02,403.0,32.0,3.0,435.0,,,,02:01,93.0
340,2017-08-07,2707,11597,8.62,2,577,299,25,20,1411,1.05,459.0,60.0,40.0,519.0,92.0,275.0,92.0,01:03,88.0
341,2017-08-08,3112,19496,14.49,75,744,144,68,35,1219,1.18,392.0,57.0,34.0,449.0,86.0,221.0,85.0,01:11,87.0
342,2017-08-09,3070,17558,13.05,111,1440,0,0,0,0,,,,,,,,,,
343,2017-08-10,2977,15781,11.73,47,1440,0,0,0,0,,,,,,,,,,
344,2017-08-11,2732,12815,9.52,30,1440,0,0,0,0,,,,,,,,,,
345,2017-08-12,2476,8094,6.01,1,1440,0,0,0,0,,,,,,,,,,
346,2017-08-13,2466,8667,6.44,3,1440,0,0,0,0,,,,,,,,,,
347,2017-08-14,2852,11431,9.59,7,1440,0,0,0,0,,,,,,,,,,
348,2017-08-15,2189,4378,3.25,0,1440,0,0,0,0,,,,,,,,,,
349,2017-08-16,2553,8691,6.46,4,1440,0,0,0,0,,,,,,,,,,
350,2017-08-17,2723,11688,9.6,4,1440,0,0,0,0,,,,,,,,,,
351,2017-08-18,2317,7882,5.9,1,1440,0,0,0,0,,,,,,,,,,
352,2017-08-19,2714,10546,7.84,18,1440,0,0,0,0,,,,,,,,,,
353,2017-08-20,2820,14198,10.55,10,1147,266,21,6,1293,,,,,,,,,,
354,2017-08-21,2832,13794,11.57,14,659,235,32,38,1478,2.02,443.0,33.0,3.0,476.0,,,,02:01,93.0
355,2017-08-22,3034,14468,10.75,16,514,375,52,18,1838,2.17,435.0,46.0,4.0,481.0,,,,02:10,90.0
356,2017-08-23,2962,15864,11.79,18,551,244,82,37,1678,1.98,471.0,55.0,3.0,526.0,,,,01:59,89.0
357,2017-08-24,3473,22226,17.86,31,593,258,65,90,2247,2.67,381.0,53.0,23.0,434.0,101.0,198.0,82.0,02:40,88.0
358,2017-08-25,2327,6202,4.61,4,671,208,8,11,879,1.53,459.0,83.0,41.0,542.0,87.0,271.0,101.0,01:32,85.0
359,2017-08-26,2682,10969,8.15,9,773,154,18,9,763,1.67,425.0,61.0,27.0,486.0,92.0,234.0,99.0,01:40,87.0
360,2017-08-27,1865,6352,4.72,14,1440,0,0,0,0,,,,,,,,,,
361,2017-08-28,2491,8509,6.32,8,1181,234,21,4,1067,,,,,,,,,,
362,2017-08-29,2804,13013,9.89,5,669,292,25,22,1491,1.93,396.0,36.0,4.0,432.0,,,,01:56,92.0
363,2017-08-30,2544,10849,9.22,2,752,129,16,61,1103,1.73,444.0,38.0,2.0,482.0,,,,01:44,92.0
364,2017-08-31,3432,20724,15.4,4,579,240,88,87,2233,1.93,377.0,69.0,27.0,446.0,79.0,239.0,59.0,01:56,85.0
365,2017-07-01,3283,15067,11.19,10,569,283,115,41,2066,1.93,355.0,77.0,21.0,432.0,62.0,204.0,89.0,01:56,82.0
366,2017-07-02,2972,10696,7.95,7,547,371,39,8,1744,2.25,403.0,72.0,33.0,475.0,87.0,277.0,39.0,02:15,85.0
367,2017-07-03,3008,10754,7.9,11,711,219,27,66,1640,0.85,356.0,61.0,25.0,417.0,60.0,221.0,75.0,00:51,85.0
368,2017-07-04,3005,9829,7.27,12,679,215,36,59,1632,0.18,772.0,128.0,37.0,900.0,44.0,226.0,107.0,00:11,85.0
369,2017-07-05,2871,11337,7.09,12,686,243,28,34,1480,23.92,,,,,,,,23:55,87.0
370,2017-07-06,2826,10572,7.85,11,805,191,48,44,1381,1.88,343.0,8.0,0.0,352.0,,,,01:53,98.0
371,2017-07-07,2567,7461,5.54,10,760,240,23,10,1180,0.7,352.0,55.0,21.0,407.0,67.0,217.0,68.0,00:42,86.0
372,2017-07-08,2709,8038,5.97,4,556,310,2,8,1349,0.95,494.0,70.0,39.0,564.0,95.0,222.0,108.0,00:57,86.0
373,2017-07-09,2503,6146,4.56,1,574,272,11,1,1116,1.28,501.0,81.0,37.0,582.0,78.0,237.0,114.0,01:17,84.0
374,2017-07-10,3128,11064,8.14,12,695,255,39,56,1765,0.88,344.0,51.0,27.0,395.0,48.0,204.0,92.0,00:53,87.0
375,2017-07-11,3101,10705,7.84,15,696,186,63,66,1671,0.37,370.0,59.0,25.0,429.0,57.0,252.0,61.0,00:22,86.0
376,2017-07-12,2838,11837,8.79,29,774,224,23,43,1442,0.7,334.0,42.0,25.0,376.0,55.0,200.0,79.0,00:42,89.0
377,2017-07-13,2989,12464,10.71,20,852,169,45,58,1558,1.72,266.0,50.0,18.0,316.0,52.0,146.0,68.0,01:43,84.0
378,2017-07-14,2731,7988,5.94,23,783,261,32,9,1334,2.07,300.0,55.0,26.0,355.0,45.0,173.0,82.0,02:04,85.0
379,2017-07-15,2728,8699,6.46,6,591,325,8,12,1395,1.12,429.0,75.0,29.0,504.0,90.0,242.0,97.0,01:07,85.0
380,2017-07-16,2711,8620,6.4,9,599,296,17,3,1367,1.3,487.0,38.0,2.0,525.0,,,,01:18,93.0
381,2017-07-17,2794,10259,7.54,14,760,283,10,13,1402,1.05,326.0,48.0,25.0,374.0,69.0,205.0,52.0,01:03,87.0
382,2017-07-18,2793,9306,6.77,17,909,88,0,0,373,0.18,379.0,64.0,31.0,443.0,91.0,208.0,80.0,00:11,86.0
383,2017-07-19,2174,7651,3.88,15,1440,0,0,0,0,,,,,,,,,,
384,2017-07-20,2713,9503,7.06,8,1440,0,0,0,0,,,,,,,,,,
385,2017-07-21,3294,12118,8.84,13,1440,0,0,0,0,,,,,,,,,,
386,2017-07-22,2835,9985,7.42,16,1440,0,0,0,0,,,,,,,,,,
387,2017-07-23,2754,10202,7.58,0,1073,260,20,5,1208,16.93,74.0,8.0,0.0,82.0,,,,16:56,90.0
388,2017-07-24,2652,8271,6.06,8,712,179,43,35,1260,0.73,423.0,48.0,4.0,471.0,,,,00:44,90.0
389,2017-07-25,2925,10098,7.38,12,696,229,29,53,1523,0.6,371.0,56.0,4.0,433.0,,,,00:36,87.0
390,2017-07-26,2722,11337,8.42,27,711,278,3,14,1329,0.48,385.0,39.0,3.0,434.0,,,,00:29,91.0
391,2017-07-27,3007,11792,6.52,15,719,259,37,39,1628,1.05,358.0,28.0,2.0,386.0,,,,01:03,93.0
392,2017-07-28,2693,11011,8.18,13,668,295,17,7,1337,0.27,407.0,42.0,4.0,453.0,,,,00:16,91.0
393,2017-07-29,2338,5798,4.31,3,722,250,0,0,925,1.55,433.0,35.0,1.0,468.0,,,,01:33,93.0
394,2017-07-30,2391,6051,4.5,1,542,236,6,5,981,1.43,605.0,45.0,2.0,651.0,,,,01:26,92.0
395,2017-07-31,2932,9848,7.14,14,779,155,34,82,1499,1.2,327.0,57.0,6.0,390.0,,,,01:12,85.0
396,2017-06-01,1631,0,0.0,0,1440,0,0,0,0,,,,,,,,,,
397,2017-06-02,1631,0,0.0,0,1440,0,0,0,0,,,,,,,,,,
398,2017-06-03,2365,0,0.0,0,1368,0,0,72,816,,,,,,,,,,
399,2017-06-04,1631,0,0.0,0,1440,0,0,0,0,,,,,,,,,,
400,2017-06-05,1631,0,0.0,0,1440,0,0,0,0,,,,,,,,,,
401,2017-06-06,1884,3398,2.52,8,1381,50,6,3,313,,,,,,,,,,
402,2017-06-07,2945,10419,7.64,17,1149,177,55,59,1569,,,,,,,,,,
403,2017-06-08,2666,9622,7.15,20,748,242,6,13,1198,0.5,392.0,36.0,0.0,431.0,,,,00:30,92.0
404,2017-06-09,2804,11990,8.91,23,687,278,17,27,1434,0.45,387.0,40.0,3.0,431.0,,,,00:27,91.0
405,2017-06-10,3398,18989,13.85,8,405,276,58,93,2184,0.07,954.0,166.0,78.0,1120.0,117.0,591.0,170.0,00:04,87.0
406,2017-06-11,2642,5455,4.05,1,404,178,6,64,1238,23.88,251.0,18.0,0.0,269.0,,,,23:53,83.0
407,2017-06-12,3084,13361,9.77,28,1093,229,62,56,1760,,,,,,,,,,
408,2017-06-13,2677,10524,7.82,19,726,246,13,19,1261,0.28,825.0,68.0,5.0,897.0,,,,00:17,93.0
409,2017-06-14,3238,13016,9.64,17,601,238,70,71,1915,23.87,,,,,,,,23:52,91.0
410,2017-06-15,2839,10953,8.14,19,718,220,56,28,1450,0.53,380.0,38.0,3.0,418.0,,,,00:32,91.0
411,2017-06-16,2737,10667,7.93,20,688,216,58,26,1360,0.07,383.0,69.0,32.0,452.0,40.0,291.0,52.0,00:04,85.0
412,2017-06-17,2552,3942,2.93,3,505,201,60,0,1165,0.6,586.0,88.0,42.0,674.0,67.0,277.0,83.0,00:36,85.0
413,2017-06-18,2549,7783,5.78,3,630,290,11,3,1183,1.48,431.0,75.0,40.0,506.0,46.0,279.0,106.0,01:29,85.0
414,2017-06-19,2801,10470,7.93,21,859,89,32,46,928,1.05,347.0,67.0,28.0,414.0,65.0,223.0,59.0,01:03,84.0
415,2017-06-20,2679,10085,7.49,13,1440,0,0,0,0,,,,,,,,,,
416,2017-06-21,3195,12515,9.06,17,1440,0,0,0,0,,,,,,,,,,
417,2017-06-22,1812,5577,4.14,11,1440,0,0,0,0,,,,,,,,,,
418,2017-06-23,2935,14573,10.92,30,1171,226,22,21,1309,,,,,,,,,,
419,2017-06-24,2410,5470,4.06,3,605,249,10,4,994,0.02,507.0,65.0,4.0,572.0,,,,00:01,89.0
420,2017-06-25,2214,5137,3.82,0,629,186,0,0,729,0.88,561.0,64.0,4.0,625.0,,,,00:53,89.0
421,2017-06-26,2841,11302,9.04,16,752,167,30,60,1401,1.03,376.0,50.0,5.0,431.0,,,,01:02,88.0
422,2017-06-27,2868,10529,7.73,17,701,249,34,31,1474,1.12,366.0,56.0,2.0,425.0,,,,01:07,87.0
423,2017-06-28,2442,7919,5.88,18,789,197,5,5,934,1.03,384.0,60.0,28.0,444.0,62.0,225.0,97.0,01:02,86.0
424,2017-06-29,2877,12058,6.53,20,773,226,31,44,1474,2.27,322.0,44.0,27.0,366.0,49.0,222.0,51.0,02:16,88.0
425,2017-06-30,2990,11694,8.74,16,618,254,72,27,1677,0.6,408.0,61.0,32.0,469.0,34.0,282.0,92.0,00:36,87.0
426,2017-05-01,2891,12881,9.57,9,598,339,11,19,1607,1.67,431.0,42.0,3.0,473.0,,,,01:40,91.0
427,2017-05-02,2803,8808,6.54,2,518,299,21,29,1510,1.25,509.0,64.0,33.0,573.0,69.0,267.0,74.0,01:15,87.0
428,2017-05-03,2754,7790,5.79,21,828,165,27,70,1352,1.22,298.0,52.0,23.0,350.0,68.0,167.0,63.0,01:13,85.0
429,2017-05-04,2998,9987,7.42,19,721,201,61,55,1626,1.07,347.0,55.0,25.0,402.0,49.0,204.0,94.0,01:04,86.0
430,2017-05-05,3563,15141,11.32,25,669,197,77,116,2275,1.3,314.0,67.0,25.0,381.0,26.0,217.0,71.0,01:18,82.0
431,2017-05-06,3954,18331,13.62,9,493,236,116,147,2766,1.83,366.0,82.0,27.0,448.0,35.0,242.0,89.0,01:50,82.0
432,2017-05-07,3336,13783,10.24,19,358,197,124,76,2058,2.67,500.0,38.0,3.0,538.0,,,,02:40,91.0
433,2017-05-08,3281,12250,8.93,17,745,148,51,87,1675,0.78,359.0,50.0,32.0,409.0,87.0,185.0,87.0,00:47,88.0
434,2017-05-09,3154,10325,7.67,25,1101,203,78,58,1785,,,,,,,,,,
435,2017-05-10,3292,11859,8.67,22,1127,130,64,119,1908,,,,,,,,,,
436,2017-05-11,2894,11447,8.51,26,1139,226,22,53,1502,,,,,,,,,,
437,2017-05-12,2839,10675,7.93,22,731,212,47,34,1437,0.68,370.0,41.0,4.0,416.0,,,,00:41,90.0
438,2017-05-13,2854,10915,8.11,22,577,370,15,9,1582,2.17,424.0,45.0,2.0,469.0,,,,02:10,90.0
439,2017-05-14,2587,7883,5.08,11,1228,134,34,44,1126,,,,,,,,,,
440,2017-05-15,1874,1866,1.38,1,1385,27,16,12,303,,,,,,,,,,
441,2017-05-16,1631,0,0.0,0,1440,0,0,0,0,,,,,,,,,,
442,2017-05-17,2654,10518,7.72,19,1291,61,12,76,963,,,,,,,,,,
443,2017-05-18,2764,10738,8.02,23,1200,153,42,45,1250,,,,,,,,,,
444,2017-05-19,3533,16988,12.69,16,591,261,73,89,2270,0.55,395.0,29.0,2.0,426.0,,,,00:33,93.0
445,2017-05-20,3555,21094,15.88,3,375,275,36,120,2306,1.2,600.0,34.0,2.0,634.0,,,,01:12,96.0
446,2017-05-21,2392,5615,4.17,5,725,158,28,30,961,2.08,458.0,41.0,2.0,499.0,,,,02:05,92.0
447,2017-05-22,3180,14097,10.35,22,715,176,55,102,1822,1.15,323.0,69.0,19.0,392.0,48.0,256.0,19.0,01:09,82.0
448,2017-05-23,2710,9198,6.83,14,725,226,43,19,1321,0.53,358.0,69.0,32.0,427.0,51.0,236.0,71.0,00:32,84.0
449,2017-05-24,3582,14806,10.91,21,610,207,66,128,2281,0.4,748.0,149.0,54.0,897.0,97.0,521.0,130.0,00:24,82.0
450,2017-05-25,2980,9702,7.21,18,660,200,48,64,1590,23.77,,,,,,,,23:46,85.0
451,2017-05-26,2539,8079,6.0,11,1249,132,22,37,1043,,,,,,,,,,
452,2017-05-27,1995,77,0.06,0,1370,0,70,0,437,,,,,,,,,,
453,2017-05-28,1631,0,0.0,0,1440,0,0,0,0,,,,,,,,,,
454,2017-05-29,1708,0,0.0,0,1395,45,0,0,128,,,,,,,,,,
455,2017-05-30,1631,0,0.0,0,1440,0,0,0,0,,,,,,,,,,
456,2017-05-31,1725,0,0.0,0,1385,55,0,0,156,,,,,,,,,,
457,2017-04-01,3598,15174,11.53,10,1440,0,0,0,0,,,,,,,,,,
458,2017-04-02,2706,9709,7.21,4,1440,0,0,0,0,,,,,,,,,,
459,2017-04-03,3196,10569,7.74,21,1440,0,0,0,0,,,,,,,,,,
460,2017-04-04,2803,8235,6.12,17,1267,128,23,22,840,,,,,,,,,,
461,2017-04-05,3157,10854,8.12,25,716,232,41,78,1854,0.78,321.0,50.0,2.0,373.0,,,,00:47,87.0
462,2017-04-06,3122,12244,9.1,19,673,242,62,62,1816,0.98,369.0,29.0,1.0,401.0,,,,00:59,93.0
463,2017-04-07,2799,9256,6.88,17,694,228,44,36,1438,0.55,403.0,34.0,1.0,438.0,,,,00:33,92.0
464,2017-04-08,3226,16076,12.03,3,531,309,20,73,1949,0.93,440.0,67.0,3.0,507.0,,,,00:56,87.0
465,2017-04-09,2858,11868,8.82,4,605,173,43,81,1507,1.02,499.0,39.0,3.0,538.0,,,,01:01,93.0
466,2017-04-10,3129,12232,8.98,16,724,173,67,82,1784,1.28,334.0,55.0,6.0,394.0,,,,01:17,86.0
467,2017-04-11,3006,10823,7.2,22,686,242,42,38,1615,0.65,375.0,54.0,2.0,432.0,,,,00:39,87.0
468,2017-04-12,2470,6054,4.59,18,954,84,7,6,425,1.02,354.0,28.0,0.0,389.0,,,,01:01,93.0
469,2017-04-13,2701,11646,8.65,4,1023,153,38,24,990,16.0,192.0,9.0,1.0,202.0,,,,16:00,98.0
470,2017-04-14,2943,15673,11.65,31,595,275,66,35,1675,1.2,945.0,132.0,12.0,1088.0,,,,01:12,88.0
471,2017-04-15,3054,13583,10.09,1,472,211,61,77,1756,23.72,,,,,,,,23:43,87.0
472,2017-04-16,1706,538,0.4,0,902,29,0,0,96,1.58,462.0,41.0,3.0,509.0,,,,01:35,92.0
473,2017-04-17,2954,9409,6.99,18,1131,151,119,39,1596,,,,,,,,,,
474,2017-04-18,2520,7161,5.32,20,826,123,54,35,1056,0.8,370.0,32.0,0.0,402.0,,,,00:48,92.0
475,2017-04-19,3146,11784,8.76,27,675,178,100,72,1831,0.85,361.0,54.0,6.0,415.0,,,,00:51,87.0
476,2017-04-20,3003,9738,7.24,24,707,168,51,75,1602,0.37,389.0,45.0,2.0,439.0,,,,00:22,90.0
477,2017-04-21,3457,13679,10.08,26,619,235,48,111,2185,0.52,384.0,43.0,4.0,427.0,,,,00:31,90.0
478,2017-04-22,3227,15269,11.36,1,606,278,46,73,1914,0.97,378.0,59.0,4.0,437.0,,,,00:58,86.0
479,2017-04-23,3005,9193,6.83,3,475,291,71,15,1714,0.87,538.0,49.0,2.0,588.0,,,,00:52,92.0
480,2017-04-24,3235,11489,8.34,20,758,161,46,108,1882,1.47,325.0,40.0,3.0,367.0,,,,01:28,89.0
481,2017-04-25,3011,11777,8.75,33,1151,157,55,77,1609,,,,,,,,,,
482,2017-04-26,3745,17487,12.97,36,800,122,28,83,1363,0.82,353.0,54.0,3.0,407.0,,,,00:49,87.0
483,2017-04-27,2864,8890,6.61,16,1440,0,0,0,0,,,,,,,,,,
484,2017-04-28,3175,11664,8.67,27,1210,155,37,38,1140,,,,,,,,,,
485,2017-04-29,3351,14101,10.48,7,494,235,82,95,2123,0.7,483.0,51.0,5.0,534.0,,,,00:42,90.0
486,2017-04-30,2797,8989,6.68,17,578,262,32,29,1436,0.08,480.0,59.0,3.0,539.0,,,,00:05,89.0
487,2017-03-01,3197,11026,8.09,21,684,192,36,103,1873,0.72,372.0,53.0,4.0,425.0,,,,00:43,88.0
488,2017-03-02,2884,8461,6.31,16,719,211,45,49,1485,0.67,378.0,33.0,3.0,416.0,,,,00:40,92.0
489,2017-03-03,3718,15026,11.16,32,572,224,61,154,2502,0.5,390.0,35.0,2.0,429.0,,,,00:30,92.0
490,2017-03-04,2810,10921,8.11,27,596,258,22,41,1480,2.32,457.0,65.0,8.0,523.0,,,,02:19,86.0
491,2017-03-05,3066,11419,8.48,30,527,230,94,48,1790,0.58,491.0,50.0,5.0,541.0,,,,00:35,91.0
492,2017-03-06,3132,11430,6.36,19,718,171,61,82,1785,0.85,358.0,46.0,2.0,408.0,,,,00:51,89.0
493,2017-03-07,2735,8390,6.23,20,782,170,34,53,1291,0.97,370.0,27.0,2.0,401.0,,,,00:58,93.0
494,2017-03-08,3236,11067,8.09,19,677,191,76,77,1826,0.63,367.0,49.0,5.0,419.0,,,,00:38,88.0
495,2017-03-09,3034,8756,6.51,19,719,212,44,67,1625,1.18,763.0,97.0,3.0,862.0,,,,01:11,87.0
496,2017-03-10,3201,13432,9.98,23,633,200,53,91,1848,23.83,,,,,,,,23:50,90.0
497,2017-03-11,3236,14333,10.57,4,531,270,40,80,1949,2.9,943.0,107.0,6.0,1055.0,,,,02:54,90.0
498,2017-03-12,2806,11750,8.73,22,609,204,31,60,1456,23.38,,,,,,,,23:23,90.0
499,2017-03-13,3301,10197,7.45,36,739,177,47,96,1907,1.17,321.0,47.0,2.0,381.0,,,,01:10,87.0
500,2017-03-14,2749,8651,6.47,21,747,213,22,45,1334,0.72,369.0,40.0,2.0,413.0,,,,00:43,90.0
501,2017-03-15,3231,11204,8.2,20,686,227,61,81,1915,0.45,349.0,35.0,3.0,385.0,,,,00:27,91.0
502,2017-03-16,2594,7798,5.79,21,799,173,35,23,1141,0.62,362.0,44.0,4.0,410.0,,,,00:37,89.0
503,2017-03-17,3302,12471,9.24,29,659,234,64,74,2000,0.83,355.0,54.0,2.0,409.0,,,,00:50,87.0
504,2017-03-18,2981,13740,10.25,3,536,225,32,74,1640,1.2,511.0,62.0,2.0,573.0,,,,01:12,90.0
505,2017-03-19,2858,11406,8.47,7,488,331,36,17,1572,2.0,511.0,57.0,3.0,568.0,,,,02:00,89.0
506,2017-03-20,3190,13842,10.28,13,610,298,53,69,1974,2.33,357.0,53.0,2.0,410.0,,,,02:20,87.0
507,2017-03-21,2804,10093,7.59,35,810,161,49,51,1378,1.47,323.0,41.0,3.0,369.0,,,,01:28,89.0
508,2017-03-22,2888,9811,7.37,18,721,181,56,58,1543,0.48,373.0,48.0,2.0,424.0,,,,00:29,89.0
509,2017-03-23,3422,12573,9.26,24,643,209,42,120,2120,0.33,389.0,34.0,1.0,426.0,,,,00:20,92.0
510,2017-03-24,3386,14588,10.92,32,581,267,54,84,2128,0.03,398.0,50.0,3.0,454.0,,,,00:02,89.0
511,2017-03-25,3280,15406,11.17,13,542,264,43,86,1990,1.5,463.0,42.0,4.0,505.0,,,,01:30,92.0
512,2017-03-26,2850,10274,7.62,8,653,272,25,33,1525,3.0,420.0,37.0,0.0,457.0,,,,03:00,92.0
513,2017-03-27,5930,21807,16.04,28,719,213,29,88,1790,1.3,348.0,42.0,3.0,391.0,,,,01:18,89.0
514,2017-03-28,2021,4144,3.08,9,928,72,7,12,459,0.52,373.0,48.0,4.0,421.0,,,,00:31,89.0
515,2017-03-29,2756,6500,4.74,10,1195,155,38,52,1298,,,,,,,,,,
516,2017-03-30,2863,8634,6.42,16,751,179,42,62,1439,0.8,369.0,35.0,2.0,406.0,,,,00:48,91.0
517,2017-03-31,3027,13156,9.86,28,886,122,11,17,662,0.77,365.0,39.0,3.0,404.0,,,,00:46,90.0
518,2017-02-01,3390,11291,8.34,25,609,255,44,80,2068,23.8,,,,,,,,23:48,93.0
519,2017-02-02,2888,8129,6.04,20,723,234,38,36,1457,0.75,383.0,20.0,2.0,409.0,,,,00:45,95.0
520,2017-02-03,2763,8670,6.49,24,728,242,13,40,1346,0.72,383.0,29.0,2.0,417.0,,,,00:43,93.0
521,2017-02-04,3095,12147,9.03,25,597,176,69,82,1714,1.6,483.0,33.0,5.0,516.0,,,,01:36,93.0
522,2017-02-05,2417,5248,3.9,6,1116,213,16,8,968,15.45,82.0,5.0,0.0,87.0,,,,15:27,94.0
523,2017-02-06,3339,10260,7.53,27,704,217,53,89,1980,1.25,343.0,34.0,2.0,377.0,,,,01:15,91.0
524,2017-02-07,2359,6792,5.05,29,822,160,11,28,885,0.73,397.0,22.0,8.0,419.0,,,,00:44,95.0
525,2017-02-08,3262,10491,7.72,35,684,213,53,81,1890,0.9,375.0,28.0,3.0,409.0,,,,00:54,93.0
526,2017-02-09,2616,7827,5.82,21,808,177,32,29,1159,1.12,363.0,27.0,2.0,394.0,,,,01:07,93.0
527,2017-02-10,3706,14638,9.61,19,565,270,75,112,2504,0.53,382.0,35.0,2.0,418.0,,,,00:32,92.0
528,2017-02-11,3597,16960,12.69,17,457,194,62,149,2326,0.35,543.0,35.0,3.0,578.0,,,,00:21,94.0
529,2017-02-12,2776,10415,7.87,0,772,129,45,77,1371,5.02,400.0,17.0,1.0,417.0,,,,05:01,96.0
530,2017-02-13,2957,8213,6.24,19,843,93,16,75,1131,1.67,380.0,32.0,2.0,413.0,,,,01:40,92.0
531,2017-02-14,3199,13906,10.53,33,1440,0,0,0,0,,,,,,,,,,
532,2017-02-15,3195,11625,8.54,18,1440,0,0,0,0,,,,,,,,,,
533,2017-02-16,2542,7871,5.85,17,1310,107,10,13,583,,,,,,,,,,
534,2017-02-17,3636,20389,15.29,19,365,252,87,121,2464,0.8,560.0,54.0,5.0,615.0,,,,00:48,91.0
535,2017-02-18,3185,13515,10.04,12,499,273,68,60,1937,0.55,503.0,37.0,2.0,540.0,,,,00:33,93.0
536,2017-02-19,2911,11770,8.75,6,592,164,66,65,1538,0.48,498.0,53.0,1.0,553.0,,,,00:29,90.0
537,2017-02-20,3215,12369,7.23,20,1076,227,55,82,1893,,,,,,,,,,
538,2017-02-21,2931,11304,8.4,26,747,191,45,53,1496,0.9,362.0,41.0,1.0,404.0,,,,00:54,90.0
539,2017-02-22,2636,10152,7.54,21,832,118,76,23,1063,0.88,348.0,43.0,2.0,391.0,,,,00:53,89.0
540,2017-02-23,2812,8263,6.14,19,993,175,30,52,1257,4.43,186.0,2.0,0.0,190.0,,,,04:26,99.0
541,2017-02-24,3403,14536,10.72,34,677,197,44,114,2054,0.68,358.0,43.0,4.0,408.0,,,,00:41,89.0
542,2017-02-25,3499,14263,10.5,10,514,244,22,117,2187,2.02,490.0,52.0,1.0,543.0,,,,02:01,91.0
543,2017-02-26,2544,7059,5.24,6,660,248,25,10,1161,0.63,450.0,47.0,2.0,497.0,,,,00:38,91.0
544,2017-02-27,3418,10798,7.89,22,678,161,57,127,2067,0.6,372.0,45.0,4.0,417.0,,,,00:36,89.0
545,2017-02-28,2811,8882,6.6,21,748,204,43,45,1403,0.97,349.0,45.0,2.0,400.0,,,,00:58,89.0
546,2017-01-01,2714,7251,5.39,2,589,299,40,7,1398,2.78,473.0,32.0,2.0,505.0,,,,02:47,94.0
547,2017-01-02,2664,8653,6.43,14,718,197,44,42,1278,1.9,418.0,21.0,2.0,439.0,,,,01:54,95.0
548,2017-01-03,3324,14282,11.23,22,838,99,21,10,578,2.13,441.0,31.0,3.0,472.0,,,,02:08,93.0
549,2017-01-04,3187,13164,9.82,8,1440,0,0,0,0,,,,,,,,,,
550,2017-01-05,2381,6450,4.79,3,1440,0,0,0,0,,,,,,,,,,
551,2017-01-06,2535,6225,4.63,7,1440,0,0,0,0,,,,,,,,,,
552,2017-01-07,3318,12531,9.31,2,1440,0,0,0,0,,,,,,,,,,
553,2017-01-08,2190,3341,2.48,0,1440,0,0,0,0,,,,,,,,,,
554,2017-01-09,3325,11518,8.4,24,1200,149,29,62,1298,,,,,,,,,,
555,2017-01-10,2806,8637,6.42,18,772,191,41,50,1365,1.07,358.0,28.0,2.0,386.0,,,,01:04,93.0
556,2017-01-11,4124,20285,14.87,25,608,128,92,213,2842,0.78,370.0,28.0,2.0,399.0,,,,00:47,93.0
557,2017-01-12,3140,15170,11.24,34,679,241,33,69,1772,0.7,395.0,23.0,2.0,418.0,,,,00:42,94.0
558,2017-01-13,3532,17417,12.94,32,561,305,82,73,2336,0.88,382.0,37.0,4.0,419.0,,,,00:53,91.0
559,2017-01-14,3361,14911,11.36,6,518,243,57,108,2115,1.15,487.0,27.0,3.0,514.0,,,,01:09,95.0
560,2017-01-15,1921,2213,1.64,0,1349,91,0,0,378,,,,,,,,,,
561,2017-01-16,3316,11349,8.21,22,725,193,41,113,1957,0.9,341.0,24.0,3.0,368.0,,,,00:54,93.0
562,2017-01-17,2790,7971,5.92,30,753,161,46,58,1360,0.58,397.0,24.0,2.0,422.0,,,,00:35,94.0
563,2017-01-18,3148,9539,6.95,19,811,135,34,44,1197,0.3,385.0,29.0,2.0,416.0,,,,00:18,93.0
564,2017-01-19,2926,9342,6.94,23,1440,0,0,0,0,,,,,,,,,,
565,2017-01-20,3551,13644,10.15,25,1440,0,0,0,0,,,,,,,,,,
566,2017-01-21,3269,12439,9.24,7,1440,0,0,0,0,,,,,,,,,,
567,2017-01-22,1905,1792,1.33,0,1440,0,0,0,0,,,,,,,,,,
568,2017-01-23,3020,9154,6.7,22,1440,0,0,0,0,,,,,,,,,,
569,2017-01-24,2614,7597,5.64,18,1218,163,23,36,1095,,,,,,,,,,
570,2017-01-25,3590,14150,10.48,38,637,205,59,123,2244,0.62,391.0,23.0,3.0,416.0,,,,00:37,94.0
571,2017-01-26,2837,9659,7.22,23,727,198,23,62,1399,0.67,404.0,26.0,1.0,430.0,,,,00:40,94.0
572,2017-01-27,3097,11340,8.47,16,688,251,36,59,1737,0.85,381.0,22.0,1.0,406.0,,,,00:51,95.0
573,2017-01-28,3530,16206,12.18,16,503,162,80,141,2237,0.4,522.0,32.0,2.0,554.0,,,,00:24,94.0
574,2017-01-29,3892,17203,12.78,5,612,243,96,148,2685,5.2,324.0,17.0,2.0,341.0,,,,05:12,95.0
575,2017-01-30,3054,9977,7.54,24,904,92,6,12,542,0.52,397.0,26.0,2.0,426.0,,,,00:31,94.0
576,2017-01-31,2844,8096,6.09,15,1266,137,18,7,759,,433.0,31.0,2.0,464.0,,,,,
577,2016-12-01,2879,11290,8.39,33,706,216,35,49,1498,0.33,410.0,23.0,2.0,434.0,,,,00:20,95.0
578,2016-12-02,3130,15060,11.3,28,629,275,51,46,1836,0.2,398.0,41.0,4.0,439.0,,,,00:12,91.0
579,2016-12-03,2969,14260,10.92,1,576,198,30,86,1620,0.48,501.0,49.0,4.0,550.0,,,,00:29,91.0
580,2016-12-04,2186,3164,2.35,0,889,176,0,0,675,1.87,350.0,18.0,2.0,375.0,,,,01:52,95.0
581,2016-12-05,3301,13053,9.55,24,663,266,53,71,2036,1.08,358.0,28.0,2.0,387.0,,,,01:05,93.0
582,2016-12-06,3155,12254,9.1,2,504,354,35,32,1918,1.15,486.0,29.0,1.0,515.0,,,,01:09,94.0
583,2016-12-07,3084,10920,7.98,26,968,61,21,17,520,1.32,349.0,24.0,1.0,373.0,,,,01:19,94.0
584,2016-12-08,2816,8841,6.57,1,755,344,17,3,1477,4.43,300.0,21.0,1.0,321.0,,,,04:26,93.0
585,2016-12-09,2878,11745,8.82,17,754,207,19,70,1492,1.13,364.0,25.0,2.0,390.0,,,,01:08,94.0
586,2016-12-10,2596,7830,5.82,4,587,268,24,14,1209,2.02,504.0,43.0,4.0,547.0,,,,02:01,93.0
587,2016-12-11,2791,10641,7.91,6,627,248,47,34,1466,2.55,462.0,22.0,2.0,484.0,,,,02:33,95.0
588,2016-12-12,2745,11407,8.48,31,750,258,11,22,1357,0.8,360.0,35.0,3.0,399.0,,,,00:48,91.0
589,2016-12-13,2888,12086,8.98,21,733,212,50,50,1521,0.82,375.0,20.0,1.0,395.0,,,,00:49,95.0
590,2016-12-14,3255,11806,8.74,28,686,227,37,86,1890,0.73,383.0,19.0,2.0,404.0,,,,00:44,95.0
591,2016-12-15,2507,7486,5.56,20,770,171,25,26,1034,0.53,823.0,71.0,5.0,896.0,,,,00:32,93.0
592,2016-12-16,2454,8344,6.39,17,773,194,6,20,1003,23.45,,,,,,,,23:27,92.0
593,2016-12-17,3373,14747,11.0,9,563,217,76,105,2096,1.28,459.0,20.0,1.0,479.0,,,,01:17,96.0
594,2016-12-18,2834,9747,7.24,3,490,332,19,14,1540,1.27,552.0,33.0,1.0,585.0,,,,01:16,95.0
595,2016-12-19,3333,11815,8.68,22,734,242,44,88,2015,1.23,301.0,29.0,3.0,332.0,,,,01:14,91.0
596,2016-12-20,2653,8190,6.09,18,740,252,14,26,1260,0.72,376.0,26.0,4.0,408.0,,,,00:43,94.0
597,2016-12-21,2391,8300,5.96,12,831,189,18,15,959,1.02,366.0,18.0,4.0,387.0,,,,01:01,95.0
598,2016-12-22,2975,15762,11.71,10,1361,69,2,8,354,,,,,,,,,,
599,2016-12-23,3259,13727,10.2,39,1440,0,0,0,0,,,,,,,,,,
600,2016-12-24,3102,9132,6.79,6,1440,0,0,0,0,,,,,,,,,,
601,2016-12-25,2268,3624,2.69,1,1440,0,0,0,0,,,,,,,,,,
602,2016-12-26,2982,9143,6.79,6,1440,0,0,0,0,,,,,,,,,,
603,2016-12-27,2606,7115,5.33,3,1440,0,0,0,0,,,,,,,,,,
604,2016-12-28,2653,6815,5.06,2,890,241,18,16,1212,5.18,256.0,19.0,2.0,275.0,,,,05:11,93.0
605,2016-12-29,2499,6769,5.06,11,746,208,21,17,1057,0.9,404.0,40.0,4.0,448.0,,,,00:54,91.0
606,2016-12-30,2640,9442,7.02,22,743,226,12,24,1226,1.07,399.0,30.0,3.0,435.0,,,,01:04,93.0
607,2016-12-31,2356,7120,5.29,13,752,212,6,3,917,1.82,421.0,46.0,5.0,467.0,,,,01:49,90.0
608,2016-11-01,2399,5442,4.04,0,689,264,5,3,996,2.55,438.0,39.0,5.0,479.0,,,,02:33,92.0
609,2016-11-02,2874,10566,7.75,26,756,204,53,30,1454,0.97,371.0,24.0,1.0,397.0,,,,00:58,94.0
610,2016-11-03,2412,7906,5.87,14,852,186,6,18,943,1.27,348.0,28.0,2.0,378.0,,,,01:16,93.0
611,2016-11-04,2589,10025,7.45,18,1199,191,32,18,1153,,,,,,,,,,
612,2016-11-05,3462,13165,9.55,4,599,255,109,73,2213,4.48,373.0,31.0,3.0,404.0,,,,04:29,92.0
613,2016-11-06,1827,1553,1.15,0,901,75,0,0,266,1.73,409.0,55.0,3.0,464.0,,,,01:44,88.0
614,2016-11-07,1821,0,0.0,0,1380,0,60,0,256,,,,,,,,,,
615,2016-11-08,2572,8770,6.52,24,1194,195,26,25,1147,,,,,,,,,,
616,2016-11-09,2613,7723,5.74,0,573,281,33,4,1257,1.85,530.0,19.0,1.0,549.0,,,,01:51,97.0
617,2016-11-10,2794,9783,7.32,25,779,318,17,15,1464,3.85,286.0,19.0,2.0,311.0,,,,03:51,95.0
618,2016-11-11,2729,9815,7.48,25,732,249,16,27,1344,0.72,389.0,25.0,3.0,416.0,,,,00:43,94.0
619,2016-11-12,3551,16003,11.78,12,494,286,56,93,2293,1.07,460.0,51.0,5.0,511.0,,,,01:04,90.0
620,2016-11-13,2565,9403,6.99,4,767,212,44,14,1184,4.4,373.0,30.0,4.0,403.0,,,,04:24,91.0
621,2016-11-14,2892,10760,7.9,22,736,189,40,55,1495,0.63,392.0,26.0,2.0,420.0,,,,00:38,94.0
622,2016-11-15,2674,8813,6.55,22,725,239,29,21,1297,0.52,385.0,39.0,4.0,426.0,,,,00:31,91.0
623,2016-11-16,3181,13385,9.74,36,714,129,54,115,1785,0.48,403.0,21.0,2.0,428.0,,,,00:29,95.0
624,2016-11-17,2487,8034,5.97,22,811,175,16,23,1008,0.78,393.0,20.0,2.0,415.0,,,,00:47,95.0
625,2016-11-18,2784,11433,8.49,23,918,107,6,14,582,1.17,349.0,44.0,3.0,395.0,,,,01:10,89.0
626,2016-11-19,3142,14133,10.51,5,1440,0,0,0,0,,,,,,,,,,
627,2016-11-20,2760,8915,6.62,2,1096,325,18,1,1359,,,,,,,,,,
628,2016-11-21,2997,10958,8.01,20,739,227,34,57,1636,1.23,345.0,36.0,4.0,383.0,,,,01:14,91.0
629,2016-11-22,2535,8675,6.45,21,789,211,10,22,1104,0.73,396.0,11.0,2.0,408.0,,,,00:44,97.0
630,2016-11-23,3505,17287,12.79,27,634,215,35,126,2172,0.57,818.0,65.0,6.0,886.0,,,,00:34,95.0
631,2016-11-24,2801,9860,7.33,23,689,221,37,38,1420,23.62,,,,,,,,23:37,91.0
632,2016-11-25,2987,12903,9.9,21,679,251,50,38,1654,0.53,388.0,31.0,1.0,422.0,,,,00:32,93.0
633,2016-11-26,3078,8757,6.26,4,559,314,37,36,1780,1.12,884.0,38.0,1.0,929.0,,,,01:07,97.0
634,2016-11-27,2567,5432,4.04,3,714,243,41,7,1189,23.97,,,,,,,,23:58,95.0
635,2016-11-28,3101,12235,9.0,24,682,290,26,52,1776,0.97,367.0,23.0,1.0,390.0,,,,00:58,94.0
636,2016-11-29,2548,8194,6.09,20,756,218,12,25,1099,0.47,387.0,39.0,5.0,429.0,,,,00:28,91.0
637,2016-11-30,3220,12775,7.99,28,679,237,41,75,1849,0.62,369.0,39.0,4.0,408.0,,,,00:37,90.0
638,2016-10-01,2349,0,0.0,0,1370,0,0,70,795,,,,,,,,,,
639,2016-10-02,1634,0,0.0,0,1440,0,0,0,0,,,,,,,,,,
640,2016-10-03,1787,0,0.0,0,1410,0,30,0,188,,,,,,,,,,
641,2016-10-04,1634,0,0.0,0,1440,0,0,0,0,,,,,,,,,,
642,2016-10-05,1804,0,0.0,0,1380,0,60,0,239,,,,,,,,,,
643,2016-10-06,1634,0,0.0,0,1440,0,0,0,0,,,,,,,,,,
644,2016-10-07,1634,0,0.0,0,1440,0,0,0,0,,,,,,,,,,
645,2016-10-08,1634,0,0.0,0,1440,0,0,0,0,,,,,,,,,,
646,2016-10-09,1634,0,0.0,0,1440,0,0,0,0,,,,,,,,,,
647,2016-10-10,1636,0,0.0,0,1440,0,0,0,0,,,,,,,,,,
648,2016-10-11,2834,13221,9.82,19,804,179,41,53,1399,3.93,337.0,24.0,2.0,363.0,,,,03:56,93.0
649,2016-10-12,2644,8495,6.31,1,571,316,17,2,1288,0.83,500.0,34.0,2.0,534.0,,,,00:50,94.0
650,2016-10-13,2654,10024,7.64,21,766,217,27,32,1265,1.02,366.0,31.0,2.0,398.0,,,,01:01,92.0
651,2016-10-14,3223,13912,10.19,22,584,230,69,80,1941,0.48,927.0,102.0,7.0,1030.0,,,,00:29,87.0
652,2016-10-15,3335,16873,12.54,6,399,267,55,87,2068,23.27,567.0,43.0,4.0,615.0,,,,23:16,92.0
653,2016-10-16,2253,5100,3.79,0,604,223,0,0,825,23.75,73.0,4.0,1.0,77.0,,,,23:45,93.0
654,2016-10-17,2592,9926,7.42,19,1210,179,15,36,1133,,,,,,,,,,
655,2016-10-18,2564,9908,7.36,23,753,239,6,15,1145,0.53,389.0,36.0,2.0,427.0,,,,00:32,92.0
656,2016-10-19,3338,15648,10.0,26,640,236,69,74,2019,0.65,400.0,20.0,1.0,421.0,,,,00:39,95.0
657,2016-10-20,2816,9691,7.2,22,782,180,31,56,1402,1.23,364.0,23.0,2.0,391.0,,,,01:14,94.0
658,2016-10-21,2887,12467,9.31,18,709,211,33,63,1512,0.78,395.0,29.0,1.0,424.0,,,,00:47,93.0
659,2016-10-22,3622,22578,16.78,4,507,268,89,96,2432,4.62,447.0,33.0,1.0,480.0,,,,04:37,93.0
660,2016-10-23,2366,5862,4.36,19,710,179,32,9,915,0.47,486.0,22.0,1.0,510.0,,,,00:28,96.0
661,2016-10-24,3011,10906,7.95,20,652,219,64,51,1670,0.12,405.0,41.0,5.0,454.0,,,,00:07,91.0
662,2016-10-25,2525,8375,6.22,16,774,208,17,19,1072,0.65,387.0,33.0,2.0,422.0,,,,00:39,92.0
663,2016-10-26,2937,11268,8.26,12,732,179,51,63,1533,0.63,392.0,22.0,2.0,415.0,,,,00:38,95.0
664,2016-10-27,2682,9590,7.13,15,754,222,40,26,1288,0.65,369.0,28.0,3.0,398.0,,,,00:39,93.0
665,2016-10-28,3027,14417,10.71,19,708,292,37,35,1695,1.53,867.0,50.0,4.0,917.0,,,,01:32,93.0
666,2016-10-29,3139,11761,8.94,4,416,219,52,75,1778,23.92,123.0,6.0,0.0,129.0,,,,23:55,95.0
667,2016-10-30,3308,14769,10.97,2,458,354,79,17,2047,1.7,496.0,33.0,3.0,532.0,,,,01:42,94.0
668,2016-10-31,3004,12367,9.07,29,724,223,37,42,1595,0.68,378.0,29.0,4.0,414.0,,,,00:41,93.0
669,2016-09-01,2303,4821,3.58,1,758,167,6,5,841,2.57,448.0,56.0,3.0,504.0,,,,02:34,87.0
670,2016-09-02,2550,8569,6.37,1,1025,277,7,0,1125,2.35,114.0,17.0,4.0,131.0,,,,02:21,87.0
671,2016-09-03,3041,16839,12.56,14,576,292,78,10,1757,1.25,437.0,45.0,3.0,484.0,,,,01:15,91.0
672,2016-09-04,2741,11201,8.32,22,566,346,8,19,1439,1.25,465.0,36.0,1.0,501.0,,,,01:15,93.0
673,2016-09-05,3032,16742,12.44,46,717,319,37,26,1711,0.75,320.0,21.0,3.0,341.0,,,,00:45,94.0
674,2016-09-06,2593,9989,8.47,37,819,140,16,45,1068,0.37,375.0,45.0,2.0,420.0,,,,00:22,89.0
675,2016-09-07,3425,13277,9.86,22,627,264,59,86,2107,1.2,352.0,48.0,2.0,404.0,,,,01:12,88.0
676,2016-09-08,3235,13589,10.15,30,676,252,45,57,1827,0.87,360.0,48.0,5.0,410.0,,,,00:52,88.0
677,2016-09-09,3421,15039,11.17,22,1440,0,0,0,0,,,,,,,,,,
678,2016-09-10,3954,19390,14.41,6,1440,0,0,0,0,,,,,,,,,,
679,2016-09-11,2671,11463,8.52,8,1440,0,0,0,0,,,,,,,,,,
680,2016-09-12,3020,12278,9.12,25,1066,300,51,23,1722,,,,,,,,,,
681,2016-09-13,2448,8408,6.25,24,776,202,14,18,1014,0.2,396.0,34.0,3.0,430.0,,,,00:12,92.0
682,2016-09-14,2663,9858,7.32,21,778,229,13,18,1251,0.7,373.0,28.0,1.0,402.0,,,,00:42,93.0
683,2016-09-15,2763,10319,7.67,20,689,314,14,15,1443,0.65,357.0,48.0,2.0,408.0,,,,00:39,88.0
684,2016-09-16,3129,14911,11.08,27,656,288,41,49,1820,0.67,378.0,28.0,3.0,406.0,,,,00:40,93.0
685,2016-09-17,2252,2661,1.98,0,731,90,65,4,784,0.3,515.0,33.0,2.0,550.0,,,,00:18,94.0
686,2016-09-18,2798,8037,5.97,18,590,291,54,17,1497,1.58,447.0,41.0,1.0,488.0,,,,01:35,92.0
687,2016-09-19,2882,12677,9.42,24,724,231,50,32,1537,0.82,724.0,114.0,8.0,842.0,,,,00:49,89.0
688,2016-09-20,2789,11121,8.26,20,690,280,11,20,1424,23.93,,,,,,,,23:56,84.0
689,2016-09-21,3337,15601,11.59,39,682,198,64,102,2017,0.9,362.0,30.0,1.0,394.0,,,,00:54,92.0
690,2016-09-22,2363,8393,6.24,21,826,177,14,18,933,0.72,382.0,22.0,2.0,405.0,,,,00:43,95.0
691,2016-09-23,3023,14162,10.52,24,617,328,32,24,1751,0.28,920.0,67.0,2.0,990.0,,,,00:17,95.0
692,2016-09-24,3508,18999,14.12,15,329,394,25,73,2361,23.92,64.0,3.0,0.0,68.0,,,,23:55,92.0
693,2016-09-25,2748,8966,6.66,14,581,344,18,7,1446,1.33,450.0,40.0,3.0,490.0,,,,01:20,92.0
694,2016-09-26,3585,18132,13.47,21,601,235,139,61,2334,0.68,340.0,63.0,3.0,404.0,,,,00:41,84.0
695,2016-09-27,1634,0,0.0,0,1440,0,0,0,0,,,,,,,,,,
696,2016-09-28,1975,0,0.0,0,1380,0,0,60,409,,,,,,,,,,
697,2016-09-29,1634,0,0.0,0,1440,0,0,0,0,,,,,,,,,,
698,2016-09-30,1974,0,0.0,0,1379,0,61,0,409,,,,,,,,,,
699,2016-08-01,1911,3571,4.0,0,1405,0,0,35,318,,,,,,,,,,
700,2016-08-02,2109,0,0.0,0,1380,0,0,60,545,,,,,,,,,,
701,2016-08-03,1991,0,0.0,0,1395,0,0,45,409,,,,,,,,,,
702,2016-08-04,1632,0,0.0,0,1440,0,0,0,0,,,,,,,,,,
703,2016-08-05,1632,0,0.0,0,1440,0,0,0,0,,,,,,,,,,
704,2016-08-06,2185,7546,5.61,1,1287,95,44,14,704,,,,,,,,,,
705,2016-08-07,2251,7202,5.35,1,1233,178,21,8,816,,,,,,,,,,
706,2016-08-08,2534,7799,5.79,2,1176,226,36,2,1151,,,,,,,,,,
707,2016-08-09,2984,13937,10.36,65,1103,195,82,50,1644,10.98,9.0,0.0,0.0,10.0,,,,10:59,100.0
708,2016-08-10,2975,14055,10.44,60,1438,2,0,0,14,,,,,,,,,,
709,2016-08-11,3222,15595,11.59,58,1440,0,0,0,0,,,,,,,,,,
710,2016-08-12,3294,16664,12.38,78,1440,0,0,0,0,,,,,,,,,,
711,2016-08-13,2388,6200,4.61,2,1440,0,0,0,0,,,,,,,,,,
712,2016-08-14,2580,8864,6.59,3,1440,0,0,0,0,,,,,,,,,,
713,2016-08-15,2177,4247,3.16,3,1410,0,30,0,137,,,,,,,,,,
714,2016-08-16,2022,3269,2.43,2,1364,18,38,20,472,,,,,,,,,,
715,2016-08-17,2406,7637,5.67,2,1254,114,62,10,957,,,,,,,,,,
716,2016-08-18,2669,8267,6.14,2,682,252,44,8,1317,2.45,410.0,44.0,2.0,454.0,,,,02:27,90.0
717,2016-08-19,2833,8065,5.99,9,664,239,40,25,1418,1.98,425.0,46.0,3.0,472.0,,,,01:59,90.0
718,2016-08-20,2533,12202,10.34,28,1251,101,18,70,1076,,,,,,,,,,
719,2016-08-21,2716,11133,8.73,4,600,188,53,30,1329,0.22,483.0,86.0,7.0,569.0,,,,00:13,85.0
720,2016-08-22,3195,12792,9.5,2,503,374,36,31,1965,0.78,459.0,37.0,3.0,496.0,,,,00:47,93.0
721,2016-08-23,2986,13325,9.9,8,1103,236,43,58,1663,,,,,,,,,,
722,2016-08-24,2058,2769,2.06,1,1344,71,9,16,482,,,,,,,,,,
723,2016-08-25,2246,6928,5.15,4,748,125,25,11,766,12.57,456.0,41.0,5.0,531.0,,,,12:34,92.0
724,2016-08-26,2611,10568,9.76,5,753,61,9,2,282,0.85,570.0,45.0,3.0,615.0,,,,00:51,93.0
725,2016-08-27,1966,2929,2.18,2,1440,0,0,0,0,,,,,,,,,,
726,2016-08-28,2606,13501,10.03,2,1100,152,61,25,1214,12.32,94.0,8.0,0.0,102.0,,,,12:19,92.0
727,2016-08-29,2792,13766,12.16,11,734,183,25,51,1418,1.95,414.0,33.0,1.0,447.0,,,,01:57,93.0
728,2016-08-30,2785,11696,8.69,9,699,218,45,26,1400,1.17,409.0,43.0,4.0,452.0,,,,01:10,90.0
729,2016-08-31,2430,8620,6.4,3,708,197,10,4,945,0.82,468.0,49.0,3.0,521.0,,,,00:49,91.0
730,2016-07-01,2684,8555,6.38,23,918,60,15,7,409,23.8,,,,,,,,23:48,86.0
731,2016-07-02,2499,7082,5.26,3,1241,135,45,19,1003,,,,,,,,,,
732,2016-07-03,3085,10779,8.01,4,575,362,54,12,1850,1.32,404.0,32.0,1.0,437.0,,,,01:19,93.0
733,2016-07-04,3105,11851,8.81,27,622,336,44,23,1826,0.72,383.0,29.0,2.0,415.0,,,,00:43,93.0
734,2016-07-05,2870,10873,8.13,19,724,247,23,29,1443,0.82,775.0,78.0,6.0,859.0,,,,00:49,93.0
735,2016-07-06,3033,12178,9.05,30,705,176,46,72,1630,23.9,,,,,,,,23:54,89.0
736,2016-07-07,2424,8631,6.41,25,1239,178,14,9,936,,,,,,,,,,
737,2016-07-08,2418,6643,5.01,14,798,177,15,12,934,0.22,951.0,118.0,18.0,1069.0,,,,00:13,89.0
738,2016-07-09,2741,7733,5.75,8,417,270,21,12,1324,23.92,87.0,2.0,0.0,89.0,,,,23:55,89.0
739,2016-07-10,2731,8283,6.15,15,1404,7,7,22,239,,,,,,,,,,
740,2016-07-11,3068,9981,7.42,17,1110,222,75,33,1635,,,,,,,,,,
741,2016-07-12,2896,10297,7.79,18,769,178,43,53,1474,0.68,347.0,50.0,2.0,397.0,,,,00:41,87.0
742,2016-07-13,2593,9951,7.44,19,1171,234,17,18,1168,,,,,,,,,,
743,2016-07-14,2877,10661,7.92,21,640,260,42,15,1487,0.03,840.0,70.0,3.0,921.0,,,,00:02,90.0
744,2016-07-15,2426,7970,5.92,17,708,229,0,0,959,23.4,58.0,8.0,0.0,66.0,,,,23:24,94.0
745,2016-07-16,2595,7438,5.53,9,654,317,0,0,1185,0.65,420.0,49.0,2.0,469.0,,,,00:39,90.0
746,2016-07-17,2527,7209,5.36,5,594,238,11,4,1070,1.15,543.0,50.0,1.0,593.0,,,,01:09,92.0
747,2016-07-18,2549,10641,7.91,26,763,128,80,20,1105,0.32,818.0,94.0,7.0,917.0,,,,00:19,90.0
748,2016-07-19,2858,10286,7.64,25,715,158,43,56,1410,23.73,,,,,,,,23:44,90.0
749,2016-07-20,2637,9598,7.13,15,728,286,4,5,1226,0.75,377.0,38.0,2.0,417.0,,,,00:45,91.0
750,2016-07-21,2602,7812,5.8,16,812,170,29,26,1127,1.13,388.0,12.0,0.0,403.0,,,,01:08,97.0
751,2016-07-22,2791,11071,8.28,23,664,329,16,2,1443,1.03,384.0,45.0,1.0,429.0,,,,01:02,90.0
752,2016-07-23,2291,4979,3.7,1,1249,166,13,12,813,,,,,,,,,,
753,2016-07-24,3029,39,0.03,0,1201,101,47,91,1589,,,,,,,,,,
754,2016-07-25,1633,0,0.0,0,1440,0,0,0,0,,,,,,,,,,
755,2016-07-26,2866,10724,7.97,20,1241,85,52,46,1033,15.62,13.0,0.0,0.0,16.0,,,,15:37,100.0
756,2016-07-27,2727,10340,7.78,18,1440,0,0,0,0,,,,,,,,,,
757,2016-07-28,2824,9539,7.09,18,1440,0,0,0,0,,,,,,,,,,
758,2016-07-29,2822,9545,7.09,15,1440,0,0,0,0,,,,,,,,,,
759,2016-07-30,2484,6545,4.86,7,1244,196,0,0,690,,,,,,,,,,
760,2016-07-31,1991,3250,2.41,1,1321,109,2,8,467,,,,,,,,,,
761,2016-06-01,3057,12364,9.19,26,742,190,66,61,1702,1.08,357.0,24.0,1.0,381.0,,,,01:05,94.0
762,2016-06-02,2676,11021,8.19,18,686,244,33,22,1284,0.18,830.0,74.0,4.0,907.0,,,,00:11,91.0
763,2016-06-03,3396,14529,10.8,33,576,291,60,62,2079,23.8,,,,,,,,23:48,92.0
764,2016-06-04,3244,13922,10.34,17,979,198,45,93,1946,16.68,114.0,11.0,1.0,125.0,,,,16:41,91.0
765,2016-06-05,2631,8898,6.61,0,500,315,14,6,1303,0.23,564.0,37.0,2.0,605.0,,,,00:14,94.0
766,2016-06-06,2709,8609,6.4,22,774,210,16,27,1257,1.32,382.0,27.0,1.0,413.0,,,,01:19,93.0
767,2016-06-07,2668,6772,5.06,14,744,215,24,18,1205,1.13,398.0,40.0,2.0,439.0,,,,01:08,91.0
768,2016-06-08,2843,10322,7.67,26,740,220,22,46,1428,0.67,358.0,53.0,4.0,412.0,,,,00:40,87.0
769,2016-06-09,2773,10637,7.9,22,1153,214,49,24,1381,,,,,,,,,,
770,2016-06-10,3300,15335,11.39,22,563,351,46,41,2050,0.27,391.0,46.0,2.0,439.0,,,,00:16,89.0
771,2016-06-11,3589,17959,13.34,9,521,303,19,103,2327,1.05,424.0,69.0,6.0,494.0,,,,01:03,86.0
772,2016-06-12,2594,6480,4.81,0,497,281,14,6,1197,0.45,589.0,53.0,3.0,642.0,,,,00:27,91.0
773,2016-06-13,2867,12130,9.01,26,751,253,35,42,1519,1.47,323.0,36.0,2.0,359.0,,,,01:28,90.0
774,2016-06-14,2369,5643,4.22,15,834,183,19,5,896,0.7,368.0,29.0,2.0,399.0,,,,00:42,93.0
775,2016-06-15,3176,9902,7.36,31,743,173,46,85,1772,0.9,358.0,33.0,4.0,393.0,,,,00:54,92.0
776,2016-06-16,2822,8104,6.02,23,731,168,46,54,1366,0.83,410.0,31.0,2.0,441.0,,,,00:50,93.0
777,2016-06-17,3512,14993,11.14,39,572,342,67,52,2274,0.9,385.0,22.0,2.0,407.0,,,,00:54,95.0
778,2016-06-18,4213,17490,13.1,10,423,241,102,168,3058,0.57,459.0,43.0,2.0,506.0,,,,00:34,91.0
779,2016-06-19,2434,7117,5.29,21,645,203,8,24,1017,2.05,520.0,40.0,3.0,560.0,,,,02:03,93.0
780,2016-06-20,2700,11283,8.38,20,749,196,27,44,1285,0.58,384.0,39.0,3.0,424.0,,,,00:35,91.0
781,2016-06-21,3003,11620,8.63,19,708,219,49,48,1575,0.93,763.0,115.0,5.0,882.0,,,,00:56,91.0
782,2016-06-22,3489,18065,13.54,36,602,262,19,91,2095,23.58,,,,,,,,23:35,84.0
783,2016-06-23,2341,6288,4.67,14,842,151,4,17,808,1.48,385.0,41.0,1.0,426.0,,,,01:29,90.0
784,2016-06-24,2632,8293,6.16,21,750,246,16,6,1160,0.95,374.0,44.0,4.0,422.0,,,,00:57,89.0
785,2016-06-25,1640,56,0.04,0,1437,3,0,0,11,,,,,,,,,,
786,2016-06-26,2360,4729,3.51,1,1193,148,30,9,869,16.1,55.0,5.0,0.0,60.0,,,,16:06,92.0
787,2016-06-27,3072,10544,7.83,21,761,224,59,40,1654,1.23,325.0,27.0,3.0,356.0,,,,01:14,92.0
788,2016-06-28,2831,8296,6.16,28,726,264,20,17,1387,0.47,365.0,47.0,3.0,413.0,,,,00:28,89.0
789,2016-06-29,3154,12608,9.39,28,654,287,40,53,1787,0.63,364.0,38.0,3.0,406.0,,,,00:38,91.0
790,2016-06-30,3048,10948,8.13,19,1034,260,32,38,1624,0.28,439.0,73.0,6.0,516.0,,,,00:17,81.0
791,2016-05-01,3255,13410,9.96,27,470,262,102,62,2044,23.88,,,,,,,,23:53,95.0
792,2016-05-02,2933,14005,10.41,20,523,351,25,26,1675,1.43,460.0,55.0,3.0,515.0,,,,01:26,89.0
793,2016-05-03,3127,9397,6.98,26,642,279,66,52,1839,0.93,345.0,50.0,4.0,401.0,,,,00:56,87.0
794,2016-05-04,2948,10111,7.51,26,730,205,52,41,1532,0.9,376.0,33.0,2.0,412.0,,,,00:54,92.0
795,2016-05-05,2955,9428,7.01,28,682,273,23,42,1586,0.5,420.0,0.0,0.0,420.0,,,,00:30,100.0
796,2016-05-06,3018,13004,9.66,40,804,137,33,46,1171,0.5,420.0,0.0,0.0,420.0,,,,00:30,100.0
797,2016-05-07,3150,13972,10.38,5,1440,0,0,0,0,,,,,,,,,,
798,2016-05-08,3029,13652,10.14,24,1440,0,0,0,0,,,,,,,,,,
799,2016-05-09,2975,8894,6.61,26,1440,0,0,0,0,,,,,,,,,,
800,2016-05-10,3090,11339,8.42,39,1325,93,17,5,558,,,,,,,,,,
801,2016-05-11,3039,12108,9.0,38,699,221,26,66,1668,0.6,394.0,30.0,3.0,428.0,,,,00:36,93.0
802,2016-05-12,2141,5646,4.24,13,1303,103,12,22,623,,,,,,,,,,
803,2016-05-13,3419,16417,12.2,45,560,367,58,42,2223,0.85,891.0,74.0,4.0,965.0,,,,00:51,92.0
804,2016-05-14,2808,13050,9.7,5,407,377,18,12,1568,23.92,67.0,2.0,0.0,74.0,,,,23:55,93.0
805,2016-05-15,2475,8389,6.23,2,613,319,0,0,1156,1.53,931.0,86.0,5.0,1017.0,,,,01:32,93.0
806,2016-05-16,2949,14249,10.59,7,474,423,27,7,1773,23.57,,,,,,,,23:34,90.0
807,2016-05-17,2562,10609,7.93,22,751,264,4,15,1190,0.85,359.0,44.0,4.0,406.0,,,,00:51,89.0
808,2016-05-18,1637,21,0.02,0,1439,1,0,0,4,,,,,,,,,,
809,2016-05-19,3418,15432,11.49,8,462,365,72,33,2217,0.73,483.0,21.0,2.0,508.0,,,,00:44,96.0
810,2016-05-20,3372,17002,12.66,27,604,308,50,67,2114,0.8,366.0,39.0,2.0,411.0,,,,00:48,90.0
811,2016-05-21,3503,15886,11.8,6,409,347,21,73,2246,1.32,547.0,43.0,2.0,590.0,,,,01:19,93.0
812,2016-05-22,2652,7098,5.27,7,469,333,5,4,1317,0.77,582.0,47.0,1.0,629.0,,,,00:46,92.0
813,2016-05-23,2705,10214,7.59,22,800,202,22,38,1292,1.12,331.0,46.0,2.0,378.0,,,,01:07,88.0
814,2016-05-24,2835,8376,6.22,17,739,253,34,19,1428,0.95,348.0,45.0,2.0,395.0,,,,00:57,89.0
815,2016-05-25,3264,15946,11.92,35,644,292,37,63,1950,0.8,389.0,15.0,0.0,404.0,,,,00:48,96.0
816,2016-05-26,2806,10085,7.49,21,725,256,15,31,1416,0.6,375.0,27.0,3.0,413.0,,,,00:36,93.0
817,2016-05-27,3101,13738,10.23,27,630,269,58,49,1820,0.2,397.0,36.0,1.0,434.0,,,,00:12,92.0
818,2016-05-28,1633,0,0.0,0,1440,0,0,0,0,,,,,,,,,,
819,2016-05-29,1685,293,0.22,0,1405,17,0,0,67,,431.0,33.0,3.0,465.0,,,,,
820,2016-05-30,2913,11857,8.81,32,688,153,32,82,1506,23.68,445.0,41.0,2.0,487.0,,,,23:41,93.0
821,2016-05-31,2954,9702,7.21,23,645,269,52,25,1622,23.35,,,,,,,,23:21,92.0
822,2016-04-01,2966,11675,8.7,25,679,248,48,39,1638,0.6,387.0,38.0,3.0,426.0,,,,00:36,91.0
823,2016-04-02,2843,12965,9.63,3,1080,322,25,13,1547,,,,,,,,,,
824,2016-04-03,2335,6702,4.98,3,626,239,9,2,922,1.43,513.0,51.0,3.0,564.0,,,,01:26,92.0
825,2016-04-04,3158,14707,10.95,22,675,307,34,51,1876,2.88,350.0,20.0,2.0,373.0,,,,02:53,95.0
826,2016-04-05,2488,9785,7.27,29,724,225,10,21,1086,0.58,423.0,36.0,2.0,460.0,,,,00:35,92.0
827,2016-04-06,2952,10725,7.97,23,663,196,89,54,1621,0.47,404.0,29.0,2.0,438.0,,,,00:28,93.0
828,2016-04-07,2728,12547,9.32,22,722,276,9,24,1382,0.52,367.0,41.0,4.0,409.0,,,,00:31,94.0
829,2016-04-08,3150,16240,12.14,28,671,323,46,30,1907,0.78,341.0,28.0,1.0,370.0,,,,00:47,92.0
830,2016-04-09,3152,13428,9.98,7,504,277,28,69,1827,0.02,516.0,46.0,2.0,562.0,,,,00:01,92.0
831,2016-04-10,2570,8982,6.67,1,607,340,0,0,1242,1.52,470.0,23.0,3.0,493.0,,,,01:31,95.0
832,2016-04-11,2872,11101,8.3,31,737,258,18,42,1489,1.32,360.0,22.0,2.0,385.0,,,,01:19,94.0
833,2016-04-12,1666,161,0.12,0,996,12,0,0,46,0.5,842.0,51.0,4.0,893.0,,,,00:30,100.0
834,2016-04-13,3005,12212,9.07,33,626,202,36,66,1600,23.97,469.0,37.0,1.0,514.0,,,,23:58,89.0
835,2016-04-14,2568,9809,7.29,21,689,276,3,8,1168,23.17,,,,,,,,23:10,93.0
836,2016-04-15,3230,16970,12.61,49,598,242,54,78,1914,0.17,407.0,60.0,2.0,468.0,,,,00:10,87.0
837,2016-04-16,2945,13024,9.68,16,554,233,23,69,1580,2.3,511.0,50.0,2.0,561.0,,,,02:18,91.0
838,2016-04-17,2508,6824,5.07,7,579,274,19,4,1141,0.18,522.0,42.0,3.0,564.0,,,,00:11,93.0
839,2016-04-18,1760,0,0.0,0,1395,0,45,0,179,,,,,,,,,,
840,2016-04-19,2762,8665,6.44,25,699,234,38,27,1377,0.52,805.0,94.0,6.0,902.0,,,,00:31,87.0
841,2016-04-20,3473,15702,11.69,29,591,238,49,103,2165,23.75,,,,,,,,23:45,92.0
842,2016-04-21,2628,9252,6.87,22,731,242,14,18,1202,0.48,391.0,39.0,1.0,435.0,,,,00:29,91.0
843,2016-04-22,3112,17691,13.19,35,591,373,23,20,1864,0.33,404.0,27.0,2.0,433.0,,,,00:20,94.0
844,2016-04-23,3502,17874,13.28,20,388,343,22,77,2271,0.05,539.0,71.0,3.0,610.0,,,,00:03,89.0
845,2016-04-24,2532,8531,6.34,3,608,294,14,4,1203,0.83,464.0,20.0,5.0,520.0,,,,00:50,96.0
846,2016-04-25,3037,13426,9.98,40,677,283,24,44,1692,0.77,372.0,32.0,5.0,412.0,,,,00:46,92.0
847,2016-04-26,2427,7203,5.38,31,800,172,14,20,969,0.43,399.0,30.0,3.0,434.0,,,,00:26,93.0
848,2016-04-27,3141,14403,10.7,31,668,217,48,79,1810,0.57,394.0,34.0,1.0,428.0,,,,00:34,92.0
849,2016-04-28,2590,8425,6.26,32,833,193,19,29,1141,0.77,340.0,25.0,2.0,366.0,,,,00:46,93.0
850,2016-04-29,3416,16856,12.52,33,506,352,54,60,2224,0.4,429.0,39.0,3.0,468.0,,,,00:24,92.0
851,2016-04-30,2978,13794,10.25,47,1080,245,72,36,1662,,523.0,28.0,2.0,551.0,,,,,
852,2016-03-01,2498,7528,5.59,20,767,213,5,22,1057,0.45,387.0,41.0,4.0,433.0,,,,00:27,90.0
853,2016-03-02,3168,17134,12.73,47,637,256,33,88,1869,0.5,373.0,49.0,3.0,426.0,,,,00:30,88.0
854,2016-03-03,3245,13397,10.0,46,752,242,55,75,1917,2.3,290.0,22.0,1.0,316.0,,,,02:18,93.0
855,2016-03-04,3039,15090,11.24,32,578,405,23,22,1852,0.85,611.0,57.0,5.0,670.0,,,,00:51,91.0
856,2016-03-05,3132,15250,11.36,13,481,323,8,73,1874,4.63,270.0,25.0,1.0,296.0,,,,04:38,92.0
857,2016-03-06,2427,6923,5.14,1,583,318,0,0,1106,4.7,486.0,51.0,4.0,539.0,,,,04:42,89.0
858,2016-03-07,2742,11251,8.36,25,653,281,13,22,1401,0.83,842.0,86.0,7.0,928.0,,,,00:50,93.0
859,2016-03-08,2612,8583,6.38,16,699,250,11,22,1217,22.97,,,,,,,,22:58,89.0
860,2016-03-09,2755,12067,8.97,30,699,239,80,16,1409,2.43,380.0,26.0,2.0,406.0,,,,02:26,94.0
861,2016-03-10,2208,7145,5.31,25,836,137,5,13,698,0.17,411.0,37.0,2.0,449.0,,,,00:10,92.0
862,2016-03-11,3157,15432,11.47,33,642,272,59,47,1909,0.5,420.0,0.0,0.0,420.0,,,,00:30,100.0
863,2016-03-12,3022,12910,9.59,3,487,258,12,69,1660,0.15,557.0,57.0,4.0,614.0,,,,00:09,91.0
864,2016-03-13,2535,8950,6.65,6,639,314,6,0,1190,1.28,451.0,29.0,2.0,481.0,,,,01:17,94.0
865,2016-03-14,3067,14618,10.91,29,648,277,37,52,1742,0.57,378.0,48.0,1.0,426.0,,,,00:34,89.0
866,2016-03-15,2486,8794,6.53,23,801,172,24,30,1054,0.75,377.0,36.0,1.0,413.0,,,,00:45,91.0
867,2016-03-16,2870,11746,8.77,22,689,301,20,22,1518,0.88,383.0,25.0,2.0,408.0,,,,00:53,96.0
868,2016-03-17,2546,8911,6.62,22,805,163,27,25,1070,0.7,380.0,33.0,3.0,420.0,,,,00:42,92.0
869,2016-03-18,2765,10469,7.78,14,685,296,26,18,1431,0.7,377.0,38.0,3.0,415.0,,,,00:42,91.0
870,2016-03-19,3047,15009,11.15,12,521,296,75,29,1769,0.92,481.0,38.0,1.0,519.0,,,,00:55,93.0
871,2016-03-20,2536,8142,6.05,4,584,235,28,18,1166,1.52,539.0,36.0,2.0,575.0,,,,01:31,95.0
872,2016-03-21,3058,12597,9.43,20,678,251,41,41,1681,0.97,384.0,42.0,2.0,429.0,,,,00:58,90.0
873,2016-03-22,2601,10558,7.91,22,752,292,4,8,1228,1.32,363.0,21.0,1.0,384.0,,,,01:19,97.0
874,2016-03-23,2124,6011,4.47,0,673,163,0,0,646,0.83,598.0,6.0,0.0,604.0,,,,00:50,100.0
875,2016-03-24,2759,12448,9.25,0,507,333,39,9,1508,1.8,507.0,45.0,5.0,552.0,,,,01:48,92.0
876,2016-03-25,2350,6000,4.46,4,596,247,9,4,953,1.43,538.0,45.0,2.0,584.0,,,,01:26,92.0
877,2016-03-26,2344,6992,5.2,5,696,259,0,0,953,1.37,424.0,60.0,5.0,485.0,,,,01:22,87.0
878,2016-03-27,2133,3627,2.69,2,829,160,0,0,610,1.48,451.0,0.0,0.0,451.0,,,,01:29,100.0
879,2016-03-28,2868,9746,7.29,16,612,297,17,19,1468,5.58,438.0,56.0,5.0,495.0,,,,05:35,90.0
880,2016-03-29,2448,6003,4.51,11,799,192,4,14,943,0.73,386.0,42.0,1.0,431.0,,,,00:44,90.0
881,2016-03-30,3081,14052,10.46,30,663,259,33,51,1687,0.53,386.0,44.0,3.0,434.0,,,,00:32,90.0
882,2016-03-31,2821,9509,7.07,24,692,277,26,32,1477,0.92,387.0,20.0,2.0,413.0,,,,00:55,95.0
883,2016-02-01,1641,0,0.0,0,1440,0,0,0,0,,,,,,,,,,
884,2016-02-02,1641,0,0.0,0,1440,0,0,0,0,,,,,,,,,,
885,2016-02-03,1641,0,0.0,0,1440,0,0,0,0,,,,,,,,,,
886,2016-02-04,1641,0,0.0,0,1440,0,0,0,0,,,,,,,,,,
887,2016-02-05,1641,0,0.0,0,1440,0,0,0,0,,,,,,,,,,
888,2016-02-06,1641,0,0.0,0,1440,0,0,0,0,,,,,,,,,,
889,2016-02-07,1641,0,0.0,0,1440,0,0,0,0,,,,,,,,,,
890,2016-02-08,1641,0,0.0,0,1440,0,0,0,0,,,,,,,,,,
891,2016-02-09,1641,0,0.0,0,1440,0,0,0,0,,,,,,,,,,
892,2016-02-10,1641,0,0.0,0,1440,0,0,0,0,,,,,,,,,,
893,2016-02-11,1641,0,0.0,0,1440,0,0,0,0,,,,,,,,,,
894,2016-02-12,1641,0,0.0,0,1440,0,0,0,0,,,,,,,,,,
895,2016-02-13,2256,0,0.0,0,1380,0,0,60,684,,,,,,,,,,
896,2016-02-14,1641,0,0.0,0,1440,0,0,0,0,,,,,,,,,,
897,2016-02-15,1897,0,0.0,0,1395,0,0,45,308,,,,,,,,,,
898,2016-02-16,2390,6958,5.22,25,813,204,5,8,907,0.67,410.0,0.0,0.0,410.0,,,,00:40,100.0
899,2016-02-17,3063,13881,10.34,28,694,231,34,68,1710,0.78,367.0,40.0,2.0,413.0,,,,00:47,90.0
900,2016-02-18,2514,8704,6.47,21,730,254,7,16,1121,0.4,400.0,29.0,3.0,433.0,,,,00:24,93.0
901,2016-02-19,3244,14988,11.16,26,569,355,53,42,2037,2.33,375.0,44.0,2.0,421.0,,,,02:20,87.0
902,2016-02-20,2204,420,0.31,0,849,26,0,60,656,3.43,468.0,37.0,2.0,505.0,,,,03:26,92.0
903,2016-02-21,2478,7707,5.73,0,519,335,0,0,1170,1.47,540.0,46.0,1.0,586.0,,,,01:28,91.0
904,2016-02-22,2629,10315,7.66,26,783,208,28,30,1231,1.08,355.0,34.0,2.0,391.0,,,,01:05,91.0
905,2016-02-23,2499,8608,6.4,18,731,224,19,26,1106,0.4,396.0,40.0,4.0,440.0,,,,00:24,91.0
906,2016-02-24,1987,44,0.03,0,1382,3,0,55,416,,,,,,,,,,
907,2016-02-25,2823,12312,9.15,19,690,266,33,29,1492,0.6,370.0,45.0,3.0,422.0,,,,00:36,89.0
908,2016-02-26,3072,14611,10.88,35,643,333,24,33,1816,0.77,384.0,21.0,0.0,407.0,,,,00:46,95.0
909,2016-02-27,3334,18070,13.43,30,516,346,18,72,2114,0.8,971.0,66.0,4.0,1037.0,,,,00:48,94.0
910,2016-02-28,2618,9009,6.69,10,549,342,0,0,1270,23.97,,,,,,,,23:58,93.0
911,2016-02-29,1775,0,0.0,0,1390,0,50,0,199,,,,,,,,,,
